{"unusedItems": {"mains": ["3003", "3800", "3004", "3060", "3102", "3041", "3040", "3068", "3290", "3165", "3027", "3512", "3025", "3091", "3050", "3085", "3083", "3190", "3742", "3932", "3152", "3151", "3075", "3726", "3174", "3115", "3504", "3110"], "avg": ["3003", "3800", "3004", "3060", "3040", "3290", "3512", "3091", "3742", "3932", "3726", "3174", "3504"]}, "itemUsage": {"mains": {"Guinsoo's Rageblade": 0.008130081300813009, "Zhonya's Hourglass": 0.6260162601626016, "Void Staff": 0.18699186991869918, "Rabadon's Deathcap": 0.2682926829268293, "Lich Bane": 0.22764227642276422, "Luden's Echo": 0.08130081300813008, "Hextech Gunblade": 0.9105691056910569, "Frozen Mallet": 0.008130081300813009, "Abyssal Scepter": 0.13821138211382114, "Rylai's Crystal Scepter": 0.17073170731707318}, "avg": {"Zhonya's Hourglass": 0.4065587555181837, "Void Staff": 0.11519865461425267, "Rabadon's Deathcap": 0.30208114357788524, "Lich Bane": 0.2875762034895943, "Luden's Echo": 0.15156611309648937, "Hextech Gunblade": 0.8406558755518184, "Frozen Heart": 0.00021021652301870928, "Locket of the Iron Solari": 0.00021021652301870928, "Abyssal Scepter": 0.10048349800294303, "Rylai's Crystal Scepter": 0.23376077359680472}}, "totalDamageDealt": {"win": {"mains": 70.5061634246548, "avg": 61.05074246269282}, "lose": {"mains": 57.425626719572065, "avg": 43.64440640388069}}, "totalDamageToChampions": {"win": {"mains": 12.450183949859525, "avg": 12.257059940395113}, "lose": {"mains": 9.126161881462163, "avg": 8.35221988511392}}, "totalTimeCrowdControlDealt": {"win": {"mains": 0.2824690187280956, "avg": 0.2907988554623199}, "lose": {"mains": 0.2626056379192415, "avg": 0.3101073579772922}}, "gamesRecorded": {"mains": 123, "avg": 4757}, "KDA": {"win": {"mains": 5.070987610273325, "avg": 4.588520487463305}, "lose": {"mains": 1.5735754650913025, "avg": 1.4461138595675591}}, "gamesWon": {"mains": 84, "avg": 2343}}