{"unusedItems": {"mains": ["3800", "3004", "3290", "3022", "3091", "3085", "3083", "3742", "3932", "3152", "3075", "3146", "3115"], "avg": ["3290", "3742", "3932"]}, "itemUsage": {"mains": {"Enchantment: Runeglaive": 0.7965043695380774, "Zhonya's Hourglass": 0.3682896379525593, "Void Staff": 0.25218476903870163, "Rabadon's Deathcap": 0.40074906367041196, "Rod of Ages": 0.35580524344569286, "Luden's Echo": 0.32459425717852686, "Locket of the Iron Solari": 0.0012484394506866417, "Morellonomicon": 0.11485642946317104, "Ardent Censer": 0.0012484394506866417, "Seraph's Embrace": 0.14481897627965043}, "avg": {"Enchantment: Runeglaive": 0.5310210793840634, "Zhonya's Hourglass": 0.31320077739572433, "Void Staff": 0.17917476453879505, "Rabadon's Deathcap": 0.40005979967110183, "Rod of Ages": 0.2303034833308417, "Morellonomicon": 0.22731349977575124, "Luden's Echo": 0.4094782478696367, "Zz'Rot Portal": 0.00014949917775452235, "Lich Bane": 0.11346987591568246, "Wit's End": 7.474958887726118e-05}}, "totalDamageDealt": {"win": {"mains": 90.56573779814495, "avg": 75.64417082614007}, "lose": {"mains": 74.812446265513, "avg": 57.519528042964396}}, "totalDamageToChampions": {"win": {"mains": 11.712648675974817, "avg": 11.491437246244598}, "lose": {"mains": 9.56360691687386, "avg": 8.776267925381237}}, "totalTimeCrowdControlDealt": {"win": {"mains": 0.22629152969017705, "avg": 0.156637950001025}, "lose": {"mains": 0.181409345304753, "avg": 0.11732874348188302}}, "gamesRecorded": {"mains": 801, "avg": 13378}, "KDA": {"win": {"mains": 6.579619199570654, "avg": 5.663520593127393}, "lose": {"mains": 1.8980901542810216, "avg": 1.5869692761655652}}, "gamesWon": {"mains": 515, "avg": 6695}}