{"unusedItems": {"mains": ["3800", "3004", "3060", "3102", "3041", "3068", "3290", "3512", "3025", "3100", "3022", "3124", "3091", "3050", "3085", "3083", "3190", "3742", "3932", "3075", "3078", "3726", "3174", "3146", "3115", "3504", "3708", "3110", "3143", "3026"], "avg": ["3800", "3068", "3290", "3025", "3022", "3124", "3091", "3085", "3083", "3190", "3742", "3932", "3078", "3726", "3115", "3504", "3708"]}, "itemUsage": {"mains": {"Seraph's Embrace": 0.7105263157894737, "Zhonya's Hourglass": 0.2894736842105263, "Void Staff": 0.14473684210526316, "Rabadon's Deathcap": 0.3157894736842105, "Rod of Ages": 0.11842105263157894, "Luden's Echo": 0.3815789473684211, "Will of the Ancients": 0.006578947368421052, "Morellonomicon": 0.013157894736842105, "Abyssal Scepter": 0.17763157894736842, "Rylai's Crystal Scepter": 0.40789473684210525}, "avg": {"Seraph's Embrace": 0.6176253687315634, "Zhonya's Hourglass": 0.2754424778761062, "Void Staff": 0.11025073746312684, "Rabadon's Deathcap": 0.2665929203539823, "Rod of Ages": 0.17293510324483777, "Luden's Echo": 0.45464601769911506, "Frozen Heart": 0.0003687315634218289, "Abyssal Scepter": 0.0943952802359882, "Banner of Command": 0.0003687315634218289, "Rylai's Crystal Scepter": 0.2776548672566372}}, "totalDamageDealt": {"win": {"mains": 75.22803704906559, "avg": 66.9014981012832}, "lose": {"mains": 64.58890488671084, "avg": 52.28153011814838}}, "totalDamageToChampions": {"win": {"mains": 11.61470335638842, "avg": 12.19096199807225}, "lose": {"mains": 10.195429647505895, "avg": 9.353611400375208}}, "totalTimeCrowdControlDealt": {"win": {"mains": 1.6532876118767375, "avg": 1.4474984223262064}, "lose": {"mains": 1.603642218423514, "avg": 1.421597052966109}}, "gamesRecorded": {"mains": 152, "avg": 2712}, "KDA": {"win": {"mains": 5.131363793863795, "avg": 4.53234844932851}, "lose": {"mains": 1.6001719612296534, "avg": 1.412742641610772}}, "gamesWon": {"mains": 74, "avg": 1259}}