{"unusedItems": {"mains": ["3003", "3800", "3004", "3060", "3065", "3040", "3068", "3290", "3512", "3025", "3100", "3022", "3124", "3091", "3050", "3085", "3083", "3190", "3742", "3932", "3152", "3075", "3726", "3146", "3115", "3504", "3708", "3110", "3143"], "avg": ["3800", "3060", "3068", "3290", "3512", "3022", "3124", "3091", "3190", "3742", "3932", "3504"]}, "itemUsage": {"mains": {"Mejai's Soulstealer": 0.020161290322580645, "Zhonya's Hourglass": 0.4274193548387097, "Void Staff": 0.23790322580645162, "Rabadon's Deathcap": 0.5282258064516129, "Luden's Echo": 0.5362903225806451, "Trinity Force": 0.004032258064516129, "Morellonomicon": 0.7459677419354839, "Athene's Unholy Grail": 0.07258064516129033, "Abyssal Scepter": 0.08870967741935484, "Guardian Angel": 0.008064516129032258}, "avg": {"Enchantment: Runeglaive": 0.0001463271875914545, "Athene's Unholy Grail": 0.06394498097746561, "Zhonya's Hourglass": 0.331284752707053, "Void Staff": 0.1752999707345625, "Rabadon's Deathcap": 0.482294410301434, "Rod of Ages": 0.030143400643839625, "Luden's Echo": 0.5738952297336846, "Morellonomicon": 0.6785191688615745, "Abyssal Scepter": 0.0996488147497805, "Warmog's Armor": 0.0001463271875914545}}, "totalDamageDealt": {"win": {"mains": 56.35087619675997, "avg": 49.13939210541507}, "lose": {"mains": 49.78709521217282, "avg": 39.793669543966764}}, "totalDamageToChampions": {"win": {"mains": 11.83138325143782, "avg": 10.95282449976781}, "lose": {"mains": 10.157218946168015, "avg": 8.482552238998103}}, "totalTimeCrowdControlDealt": {"win": {"mains": 0.052800799246810096, "avg": 0.0611086426976076}, "lose": {"mains": 0.037803228948121645, "avg": 0.05369930090597709}}, "gamesRecorded": {"mains": 248, "avg": 6834}, "KDA": {"win": {"mains": 6.374061811204671, "avg": 5.96268060308553}, "lose": {"mains": 2.1113988249404922, "avg": 1.8447416858257033}}, "gamesWon": {"mains": 140, "avg": 3039}}