{"unusedItems": {"mains": ["3003", "3800", "3004", "3060", "3040", "3290", "3165", "3027", "3512", "3025", "3100", "3022", "3124", "3091", "3050", "3085", "3190", "3742", "3932", "3078", "3726", "3174", "3146", "3115", "3504", "3708"], "avg": ["3003", "3800", "3004", "3040", "3290", "3022", "3124", "3091", "3190", "3742", "3932", "3726", "3504"]}, "itemUsage": {"mains": {"Luden's Echo": 0.13704819277108435, "Zhonya's Hourglass": 0.6762048192771084, "Void Staff": 0.16114457831325302, "Rabadon's Deathcap": 0.2891566265060241, "Spirit Visage": 0.15210843373493976, "Will of the Ancients": 0.9036144578313253, "Abyssal Scepter": 0.1897590361445783, "Warmog's Armor": 0.0015060240963855422, "Rylai's Crystal Scepter": 0.3433734939759036, "Sunfire Cape": 0.0015060240963855422}, "avg": {"Athene's Unholy Grail": 0.0001029336078229542, "Zhonya's Hourglass": 0.5901183736489964, "Void Staff": 0.1090066906845085, "Rabadon's Deathcap": 0.27503860010293363, "Spirit Visage": 0.20349974266598045, "Will of the Ancients": 0.9196088522902728, "Trinity Force": 0.0001029336078229542, "Liandry's Torment": 0.16119402985074627, "Abyssal Scepter": 0.11065362840967576, "Rylai's Crystal Scepter": 0.3099330931549151}}, "totalDamageDealt": {"win": {"mains": 92.59781371296057, "avg": 83.53004398075035}, "lose": {"mains": 76.04802965705244, "avg": 67.05619140946752}}, "totalDamageToChampions": {"win": {"mains": 14.47801720268781, "avg": 13.295084817937692}, "lose": {"mains": 10.968739018947218, "avg": 10.368590753563263}}, "totalTimeCrowdControlDealt": {"win": {"mains": 0.12430302889580182, "avg": 0.1239209863729755}, "lose": {"mains": 0.088417489489917, "avg": 0.1040014633472858}}, "gamesRecorded": {"mains": 664, "avg": 9715}, "KDA": {"win": {"mains": 5.112652454884833, "avg": 4.431636138112967}, "lose": {"mains": 1.4100125309644884, "avg": 1.3511405640472176}}, "gamesWon": {"mains": 383, "avg": 4829}}