{"unusedItems": {"mains": ["3003", "3004", "3060", "3040", "3290", "3085", "3742", "3932", "3726", "3174", "3115", "3504"], "avg": ["3004", "3290", "3742", "3504"]}, "itemUsage": {"mains": {"Randuin's Omen": 0.3333333333333333, "Enchantment: Runeglaive": 0.4051724137931034, "Luden's Echo": 0.14367816091954022, "Will of the Ancients": 0.0028735632183908046, "Banshee's Veil": 0.15804597701149425, "Frozen Heart": 0.11206896551724138, "Liandry's Torment": 0.13505747126436782, "Wit's End": 0.0028735632183908046, "Rylai's Crystal Scepter": 0.3074712643678161, "Abyssal Scepter": 0.11206896551724138}, "avg": {"Enchantment: Runeglaive": 0.3057131280388979, "Luden's Echo": 0.1395867098865478, "Hextech Gunblade": 0.10210696920583469, "Iceborn Gauntlet": 0.12317666126418152, "Enchantment: Sated Devourer": 0.0002025931928687196, "Randuin's Omen": 0.32212317666126417, "Archangel's Staff": 0.0002025931928687196, "Liandry's Torment": 0.09764991896272285, "Banshee's Veil": 0.13573743922204215, "Rylai's Crystal Scepter": 0.19894651539708266}}, "totalDamageDealt": {"win": {"mains": 76.74583314677712, "avg": 73.04700439508858}, "lose": {"mains": 61.219753920834016, "avg": 55.53522069862206}}, "totalDamageToChampions": {"win": {"mains": 10.02825811834063, "avg": 9.109981093651042}, "lose": {"mains": 8.577742758401314, "avg": 7.431359607078258}}, "totalTimeCrowdControlDealt": {"win": {"mains": 0.326500469671398, "avg": 0.32624802506832273}, "lose": {"mains": 0.2963226808608718, "avg": 0.2622676881229786}}, "gamesRecorded": {"mains": 348, "avg": 4936}, "KDA": {"win": {"mains": 6.427494182158363, "avg": 6.087712608124065}, "lose": {"mains": 2.0794903012411066, "avg": 1.7529705394621529}}, "gamesWon": {"mains": 201, "avg": 2319}}