{"unusedItems": {"mains": ["3800", "3004", "3060", "3102", "3068", "3290", "3512", "3025", "3100", "3022", "3124", "3091", "3050", "3085", "3190", "3742", "3932", "3075", "3078", "3726", "3146", "3115", "3504", "3026"], "avg": ["3004", "3060", "3290", "3124", "3091", "3050", "3085", "3742", "3932", "3726", "3146", "3115", "3504"]}, "itemUsage": {"mains": {"Mejai's Soulstealer": 0.009900990099009901, "Zhonya's Hourglass": 0.6336633663366337, "Void Staff": 0.504950495049505, "Rabadon's Deathcap": 0.504950495049505, "Rod of Ages": 0.6732673267326733, "Luden's Echo": 0.12871287128712872, "Morellonomicon": 0.06930693069306931, "Rylai's Crystal Scepter": 0.2079207920792079, "Warmog's Armor": 0.009900990099009901, "Seraph's Embrace": 0.46534653465346537}, "avg": {"Seraph's Embrace": 0.5196416264645073, "Zhonya's Hourglass": 0.4900068917987595, "Void Staff": 0.2984148862853205, "Rabadon's Deathcap": 0.5010337698139214, "Rod of Ages": 0.6492074431426602, "Luden's Echo": 0.1729841488628532, "Trinity Force": 0.0006891798759476223, "Locket of the Iron Solari": 0.0006891798759476223, "Abyssal Scepter": 0.0957960027567195, "Rylai's Crystal Scepter": 0.16609235010337697}}, "totalDamageDealt": {"win": {"mains": 90.05051253264847, "avg": 79.25008298387681}, "lose": {"mains": 77.80935382019472, "avg": 68.64414035183799}}, "totalDamageToChampions": {"win": {"mains": 15.47226506929026, "avg": 15.556119307930391}, "lose": {"mains": 14.540854628674571, "avg": 13.743583800425945}}, "totalTimeCrowdControlDealt": {"win": {"mains": 0.18663011552535155, "avg": 0.14810616661543013}, "lose": {"mains": 0.14869176292860978, "avg": 0.14850246203041823}}, "gamesRecorded": {"mains": 101, "avg": 1451}, "KDA": {"win": {"mains": 6.540678667549555, "avg": 4.888263746631776}, "lose": {"mains": 2.02277132737659, "avg": 1.807296816176944}}, "gamesWon": {"mains": 64, "avg": 744}}