{"unusedItems": {"mains": ["3003", "3004", "3060", "3040", "3290", "3100", "3124", "3085", "3742", "3932", "3152", "3078", "3726", "3174", "3146", "3504", "3026"], "avg": ["3290", "3085", "3742", "3504"]}, "itemUsage": {"mains": {"Zhonya's Hourglass": 0.19402985074626866, "Rabadon's Deathcap": 0.3656716417910448, "Rod of Ages": 0.7761194029850746, "Luden's Echo": 0.30597014925373134, "Frozen Heart": 0.29850746268656714, "Locket of the Iron Solari": 0.007462686567164179, "Randuin's Omen": 0.09701492537313433, "Abyssal Scepter": 0.12686567164179105, "Nashor's Tooth": 0.007462686567164179, "Rylai's Crystal Scepter": 0.17164179104477612}, "avg": {"Guinsoo's Rageblade": 9.602458229306702e-05, "Zhonya's Hourglass": 0.12502400614557327, "Rabadon's Deathcap": 0.28759362396773575, "Rod of Ages": 0.8279239485308238, "Luden's Echo": 0.14874207797196082, "Randuin's Omen": 0.18263875552141348, "Frozen Heart": 0.4181870558863069, "Enchantment: Devourer": 9.602458229306702e-05, "Banshee's Veil": 0.11033224505473402, "Rylai's Crystal Scepter": 0.12300748991741886}}, "totalDamageDealt": {"win": {"mains": 86.41490674436882, "avg": 77.80851697397505}, "lose": {"mains": 80.35725715038194, "avg": 66.40198378569559}}, "totalDamageToChampions": {"win": {"mains": 10.489646973434079, "avg": 10.422796331980715}, "lose": {"mains": 9.64961565454626, "avg": 8.66040620204193}}, "totalTimeCrowdControlDealt": {"win": {"mains": 0.34552455193332676, "avg": 0.4172578084850825}, "lose": {"mains": 0.3756164711342768, "avg": 0.41619766072137887}}, "gamesRecorded": {"mains": 134, "avg": 10414}, "KDA": {"win": {"mains": 6.121526553008034, "avg": 6.619013283418496}, "lose": {"mains": 2.1973835388929728, "avg": 1.8148225553135022}}, "gamesWon": {"mains": 81, "avg": 5253}}