{"unusedItems": {"mains": ["3003", "3800", "3004", "3102", "3065", "3068", "3290", "3512", "3025", "3100", "3022", "3124", "3091", "3050", "3085", "3083", "3190", "3742", "3932", "3075", "3078", "3726", "3146", "3115", "3504", "3708", "3110", "3143"], "avg": ["3004", "3290", "3022", "3124", "3091", "3742", "3932", "3078", "3726", "3504"]}, "itemUsage": {"mains": {"Seraph's Embrace": 0.011494252873563218, "Zhonya's Hourglass": 0.7931034482758621, "Void Staff": 0.3333333333333333, "Rabadon's Deathcap": 0.5402298850574713, "Luden's Echo": 0.12643678160919541, "Will of the Ancients": 0.011494252873563218, "Morellonomicon": 0.5172413793103449, "Liandry's Torment": 0.1839080459770115, "Abyssal Scepter": 0.05747126436781609, "Rylai's Crystal Scepter": 0.26436781609195403}, "avg": {"Enchantment: Runeglaive": 0.0002390057361376673, "Athene's Unholy Grail": 0.05401529636711281, "Zhonya's Hourglass": 0.8537284894837476, "Void Staff": 0.18403441682600383, "Rabadon's Deathcap": 0.486376673040153, "Luden's Echo": 0.1551147227533461, "Morellonomicon": 0.42710325047801145, "Locket of the Iron Solari": 0.0002390057361376673, "Liandry's Torment": 0.16682600382409177, "Rylai's Crystal Scepter": 0.20219885277246655}}, "totalDamageDealt": {"win": {"mains": 83.10189357546028, "avg": 72.42376222951577}, "lose": {"mains": 72.20647519607282, "avg": 59.904670196069574}}, "totalDamageToChampions": {"win": {"mains": 14.622117785391017, "avg": 13.918332737382432}, "lose": {"mains": 13.635558777804622, "avg": 11.662657707079704}}, "totalTimeCrowdControlDealt": {"win": {"mains": 0.18013632699114498, "avg": 0.1484417611470309}, "lose": {"mains": 0.17947473317656765, "avg": 0.13279670939332316}}, "gamesRecorded": {"mains": 87, "avg": 4184}, "KDA": {"win": {"mains": 5.413221841052029, "avg": 4.6416159401273465}, "lose": {"mains": 1.9862361494714436, "avg": 1.3615337138457362}}, "gamesWon": {"mains": 53, "avg": 2238}}