{"unusedItems": {"mains": ["3003", "3004", "3060", "3065", "3040", "3068", "3290", "3165", "3027", "3512", "3025", "3124", "3091", "3050", "3083", "3742", "3932", "3075", "3078", "3726", "3174", "3504", "3708", "3110"], "avg": ["3003", "3004", "3040", "3290", "3742", "3932", "3726", "3174", "3504"]}, "itemUsage": {"mains": {"Mejai's Soulstealer": 0.006666666666666667, "Zhonya's Hourglass": 0.8733333333333333, "Void Staff": 0.21333333333333335, "Rabadon's Deathcap": 0.30666666666666664, "Luden's Echo": 0.18, "Will of the Ancients": 0.03333333333333333, "Hextech Gunblade": 0.006666666666666667, "Liandry's Torment": 0.18666666666666668, "Rylai's Crystal Scepter": 0.17333333333333334, "Abyssal Scepter": 0.32}, "avg": {"Zhonya's Hourglass": 0.8019342359767891, "Void Staff": 0.17524177949709865, "Rabadon's Deathcap": 0.29980657640232106, "Luden's Echo": 0.1725338491295938, "Enchantment: Magus": 0.00038684719535783365, "Will of the Ancients": 0.11605415860735009, "Zeke's Herald": 0.00038684719535783365, "Liandry's Torment": 0.2537717601547389, "Abyssal Scepter": 0.2425531914893617, "Rylai's Crystal Scepter": 0.17330754352030947}}, "totalDamageDealt": {"win": {"mains": 63.3179966735715, "avg": 58.772742342532254}, "lose": {"mains": 51.27078826956463, "avg": 46.88959392996864}}, "totalDamageToChampions": {"win": {"mains": 12.526749156380069, "avg": 12.311299099632212}, "lose": {"mains": 9.726255676942525, "avg": 9.919254738768267}}, "totalTimeCrowdControlDealt": {"win": {"mains": 0.06176854627819624, "avg": 0.07315531447238661}, "lose": {"mains": 0.0614858997287484, "avg": 0.07378692327166184}}, "gamesRecorded": {"mains": 150, "avg": 2585}, "KDA": {"win": {"mains": 5.870528173517301, "avg": 5.445110516487859}, "lose": {"mains": 1.7990730055385225, "avg": 1.5748382148621716}}, "gamesWon": {"mains": 92, "avg": 1339}}