{"unusedItems": {"mains": ["3003", "3004", "3290", "3025", "3100", "3022", "3124", "3091", "3050", "3085", "3742", "3932", "3152", "3078", "3726", "3146", "3115", "3504", "3708", "3026"], "avg": ["3004", "3290", "3100", "3022", "3124", "3091", "3085", "3742", "3932", "3078", "3726", "3146", "3115"]}, "itemUsage": {"mains": {"Luden's Echo": 0.14864864864864866, "Athene's Unholy Grail": 0.7432432432432432, "Zhonya's Hourglass": 0.21621621621621623, "Void Staff": 0.0945945945945946, "Rabadon's Deathcap": 0.14864864864864866, "Rod of Ages": 0.08108108108108109, "Spirit Visage": 0.3108108108108108, "Zz'Rot Portal": 0.013513513513513514, "Abyssal Scepter": 0.5540540540540541, "Warmog's Armor": 0.013513513513513514}, "avg": {"Enchantment: Runeglaive": 0.003167062549485352, "Luden's Echo": 0.18052256532066507, "Athene's Unholy Grail": 0.6532066508313539, "Zhonya's Hourglass": 0.2494061757719715, "Rabadon's Deathcap": 0.1828978622327791, "Spirit Visage": 0.222486144101346, "Archangel's Staff": 0.000791765637371338, "Banshee's Veil": 0.08392715756136183, "Abyssal Scepter": 0.4259699129057799, "Thornmail": 0.0997624703087886}}, "totalDamageDealt": {"win": {"mains": 72.58260009866957, "avg": 64.6098026092861}, "lose": {"mains": 66.42188188473033, "avg": 54.94816575106771}}, "totalDamageToChampions": {"win": {"mains": 11.508803290091105, "avg": 11.128646446552825}, "lose": {"mains": 10.324259137907083, "avg": 9.248629544817927}}, "totalTimeCrowdControlDealt": {"win": {"mains": 0.3048961890420945, "avg": 0.28427120325478833}, "lose": {"mains": 0.27222971203584717, "avg": 0.2784225239282108}}, "gamesRecorded": {"mains": 74, "avg": 1263}, "KDA": {"win": {"mains": 7.679271284271284, "avg": 6.598012145150695}, "lose": {"mains": 2.0685929567508516, "avg": 1.8166003320280062}}, "gamesWon": {"mains": 55, "avg": 664}}