{"unusedItems": {"mains": ["3800", "3004", "3060", "3065", "3068", "3290", "3512", "3025", "3100", "3022", "3124", "3091", "3050", "3085", "3083", "3190", "3742", "3932", "3152", "3075", "3078", "3726", "3146", "3115", "3504", "3708", "3110", "3026"], "avg": ["3800", "3004", "3068", "3290", "3025", "3022", "3124", "3091", "3050", "3190", "3742", "3932", "3726", "3146", "3115", "3504", "3708"]}, "itemUsage": {"mains": {"Athene's Unholy Grail": 0.5409836065573771, "Zhonya's Hourglass": 0.4344262295081967, "Void Staff": 0.319672131147541, "Rabadon's Deathcap": 0.48360655737704916, "Luden's Echo": 0.6229508196721312, "Morellonomicon": 0.36885245901639346, "Archangel's Staff": 0.00819672131147541, "Liandry's Torment": 0.00819672131147541, "Abyssal Scepter": 0.03278688524590164, "Rylai's Crystal Scepter": 0.02459016393442623}, "avg": {"Athene's Unholy Grail": 0.5307291666666667, "Zhonya's Hourglass": 0.3921875, "Void Staff": 0.2520833333333333, "Rabadon's Deathcap": 0.47239583333333335, "Luden's Echo": 0.56875, "Morellonomicon": 0.35520833333333335, "Frozen Heart": 0.0005208333333333333, "Randuin's Omen": 0.0005208333333333333, "Abyssal Scepter": 0.03177083333333333, "Rylai's Crystal Scepter": 0.0484375}}, "totalDamageDealt": {"win": {"mains": 81.02524018010082, "avg": 72.7211398136395}, "lose": {"mains": 67.61634745774064, "avg": 60.30755006166688}}, "totalDamageToChampions": {"win": {"mains": 12.823899553083407, "avg": 12.453538941242101}, "lose": {"mains": 10.591764444780411, "avg": 9.964534016749326}}, "totalTimeCrowdControlDealt": {"win": {"mains": 0.20802677947369996, "avg": 0.20984221456543706}, "lose": {"mains": 0.19239474522382186, "avg": 0.2086740258462155}}, "gamesRecorded": {"mains": 122, "avg": 1920}, "KDA": {"win": {"mains": 5.320879851143008, "avg": 5.082156521015221}, "lose": {"mains": 1.6553234205408116, "avg": 1.5403593702252456}}, "gamesWon": {"mains": 76, "avg": 874}}