{"unusedItems": {"mains": ["3004", "3290", "3022", "3124", "3050", "3742", "3932", "3726", "3146", "3504"], "avg": ["3290", "3742", "3932", "3504"]}, "itemUsage": {"mains": {"Zhonya's Hourglass": 0.22436849925705796, "Rabadon's Deathcap": 0.362555720653789, "Rod of Ages": 0.7548291233283804, "Luden's Echo": 0.3150074294205052, "Trinity Force": 0.0014858841010401188, "Morellonomicon": 0.1901931649331352, "Frozen Heart": 0.30906389301634474, "Randuin's Omen": 0.10401188707280833, "Abyssal Scepter": 0.21099554234769688, "Runaan's Hurricane (Ranged Only)": 0.0014858841010401188}, "avg": {"Zhonya's Hourglass": 0.13667117726657646, "Rabadon's Deathcap": 0.2881561142368777, "Rod of Ages": 0.8148992237020155, "Luden's Echo": 0.18723737625525247, "Manamune": 7.121999857560003e-05, "Randuin's Omen": 0.17975927640481448, "Frozen Heart": 0.4045295919094082, "Banshee's Veil": 0.11373833772523324, "Thornmail": 0.10960757780784844, "Runaan's Hurricane (Ranged Only)": 7.121999857560003e-05}}, "totalDamageDealt": {"win": {"mains": 87.8654412326289, "avg": 79.06854636643084}, "lose": {"mains": 76.00723408326374, "avg": 67.74766846976861}}, "totalDamageToChampions": {"win": {"mains": 11.356087349708831, "avg": 10.637688711128515}, "lose": {"mains": 9.546934578132392, "avg": 8.893486898667026}}, "totalTimeCrowdControlDealt": {"win": {"mains": 0.35126177482377113, "avg": 0.4140507596727227}, "lose": {"mains": 0.32312436050607135, "avg": 0.419247109806643}}, "gamesRecorded": {"mains": 673, "avg": 14041}, "KDA": {"win": {"mains": 8.698778965101784, "avg": 7.009710009676019}, "lose": {"mains": 2.092778267921946, "avg": 1.9257069534579476}}, "gamesWon": {"mains": 412, "avg": 7124}}