{"unusedItems": {"mains": ["3003", "3800", "3004", "3060", "3040", "3290", "3165", "3027", "3512", "3022", "3124", "3091", "3050", "3085", "3190", "3742", "3932", "3075", "3726", "3174", "3115", "3504", "3110", "3143"], "avg": ["3800", "3004", "3060", "3040", "3290", "3512", "3091", "3050", "3085", "3190", "3742", "3932", "3504"]}, "itemUsage": {"mains": {"Zhonya's Hourglass": 0.6814159292035398, "Void Staff": 0.1415929203539823, "Rabadon's Deathcap": 0.20353982300884957, "Lich Bane": 0.22123893805309736, "Luden's Echo": 0.07964601769911504, "Hextech Gunblade": 0.8584070796460177, "Rylai's Crystal Scepter": 0.13274336283185842, "Warmog's Armor": 0.008849557522123894, "Abyssal Scepter": 0.1415929203539823, "Sunfire Cape": 0.008849557522123894}, "avg": {"Zhonya's Hourglass": 0.4196663740122915, "Void Staff": 0.0937225636523266, "Rabadon's Deathcap": 0.31167690956979804, "Rod of Ages": 0.00021949078138718174, "Luden's Echo": 0.09152765583845479, "Hextech Gunblade": 0.858647936786655, "Frozen Mallet": 0.00021949078138718174, "Lich Bane": 0.2758999122036874, "Abyssal Scepter": 0.08143107989464443, "Rylai's Crystal Scepter": 0.27348551360842843}}, "totalDamageDealt": {"win": {"mains": 69.36717521889152, "avg": 61.17494740613306}, "lose": {"mains": 47.58585166680699, "avg": 42.99693574557815}}, "totalDamageToChampions": {"win": {"mains": 11.692206525836495, "avg": 11.936126598423009}, "lose": {"mains": 8.420323631217208, "avg": 8.256707537627264}}, "totalTimeCrowdControlDealt": {"win": {"mains": 0.3196832415463025, "avg": 0.2866774926386363}, "lose": {"mains": 0.24938751441306536, "avg": 0.3084677062630229}}, "gamesRecorded": {"mains": 113, "avg": 4556}, "KDA": {"win": {"mains": 4.900979732317762, "avg": 4.612367045563374}, "lose": {"mains": 1.5560470614042043, "avg": 1.4548312699693464}}, "gamesWon": {"mains": 71, "avg": 2129}}