{"unusedItems": {"mains": ["3003", "3800", "3004", "3060", "3065", "3068", "3290", "3512", "3025", "3100", "3022", "3124", "3091", "3050", "3085", "3083", "3190", "3742", "3932", "3152", "3075", "3078", "3146", "3504", "3708", "3110", "3143"], "avg": ["3004", "3068", "3290", "3025", "3190", "3742", "3932", "3504", "3708"]}, "itemUsage": {"mains": {"Mejai's Soulstealer": 0.0026954177897574125, "Zhonya's Hourglass": 0.431266846361186, "Void Staff": 0.261455525606469, "Rabadon's Deathcap": 0.6037735849056604, "Luden's Echo": 0.2398921832884097, "Morellonomicon": 0.6118598382749326, "Athene's Unholy Grail": 0.16981132075471697, "Rylai's Crystal Scepter": 0.16981132075471697, "Nashor's Tooth": 0.21293800539083557, "Seraph's Embrace": 0.005390835579514825}, "avg": {"Zeke's Harbinger": 0.000196811651249754, "Athene's Unholy Grail": 0.21747687463097815, "Zhonya's Hourglass": 0.38909663452076365, "Void Staff": 0.18972643180476284, "Rabadon's Deathcap": 0.47490651446565635, "Luden's Echo": 0.2005510726234993, "Trinity Force": 0.000196811651249754, "Morellonomicon": 0.5851210391655186, "Rylai's Crystal Scepter": 0.14760873843731548, "Nashor's Tooth": 0.22987600865971267}}, "totalDamageDealt": {"win": {"mains": 86.77925290528532, "avg": 76.6556992342098}, "lose": {"mains": 74.50639289994754, "avg": 62.77154041469497}}, "totalDamageToChampions": {"win": {"mains": 13.707392034630614, "avg": 12.681710066568032}, "lose": {"mains": 11.338156723502191, "avg": 9.969889479447227}}, "totalTimeCrowdControlDealt": {"win": {"mains": 0.1265729677971467, "avg": 0.12031771400989785}, "lose": {"mains": 0.11881024184997054, "avg": 0.11396044152881726}}, "gamesRecorded": {"mains": 371, "avg": 5081}, "KDA": {"win": {"mains": 6.038966389933883, "avg": 4.744677526622107}, "lose": {"mains": 1.8582389832389834, "avg": 1.3981137714664593}}, "gamesWon": {"mains": 204, "avg": 2333}}