{"unusedItems": {"mains": ["3004", "3068", "3290", "3512", "3025", "3100", "3022", "3124", "3091", "3085", "3083", "3742", "3932", "3152", "3078", "3726", "3146", "3115", "3504", "3708", "3143", "3026"], "avg": ["3004", "3290", "3022", "3124", "3091", "3742", "3932", "3726", "3146", "3115", "3708"]}, "itemUsage": {"mains": {"Luden's Echo": 0.12195121951219512, "Athene's Unholy Grail": 0.0975609756097561, "Zhonya's Hourglass": 0.18699186991869918, "Void Staff": 0.1951219512195122, "Rabadon's Deathcap": 0.1951219512195122, "Spirit Visage": 0.008130081300813009, "Morellonomicon": 0.13008130081300814, "Liandry's Torment": 0.5853658536585366, "Rylai's Crystal Scepter": 0.21951219512195122, "Thornmail": 0.008130081300813009}, "avg": {"Athene's Unholy Grail": 0.13962690785754664, "Zhonya's Hourglass": 0.27303561334087056, "Void Staff": 0.12719050310910118, "Rabadon's Deathcap": 0.2255511588468061, "Morellonomicon": 0.1362351611079706, "Luden's Echo": 0.11871113623516111, "Zz'Rot Portal": 0.0005652911249293386, "Liandry's Torment": 0.47936687394007915, "Rylai's Crystal Scepter": 0.23233465234595818, "Runaan's Hurricane (Ranged Only)": 0.0005652911249293386}}, "totalDamageDealt": {"win": {"mains": 46.37696921108796, "avg": 43.9530846044193}, "lose": {"mains": 45.90349804558655, "avg": 40.15752774720453}}, "totalDamageToChampions": {"win": {"mains": 11.87074820439921, "avg": 11.387745824322982}, "lose": {"mains": 11.58892502525956, "avg": 10.780219046515022}}, "totalTimeCrowdControlDealt": {"win": {"mains": 0.18765293400364078, "avg": 0.18390444252535246}, "lose": {"mains": 0.1784014959160203, "avg": 0.17407459970404893}}, "gamesRecorded": {"mains": 123, "avg": 1769}, "KDA": {"win": {"mains": 5.4036284166718955, "avg": 4.655716956821322}, "lose": {"mains": 1.6724038821261042, "avg": 1.6471825291607363}}, "gamesWon": {"mains": 69, "avg": 939}}