{"unusedItems": {"mains": ["3003", "3800", "3004", "3060", "3065", "3040", "3068", "3290", "3512", "3025", "3124", "3083", "3742", "3932", "3152", "3151", "3075", "3146", "3504", "3708", "3110"], "avg": ["3800", "3290", "3742", "3932"]}, "itemUsage": {"mains": {"Athene's Unholy Grail": 0.044753086419753084, "Zhonya's Hourglass": 0.5771604938271605, "Void Staff": 0.22839506172839505, "Rabadon's Deathcap": 0.41512345679012347, "Lich Bane": 0.8487654320987654, "Luden's Echo": 0.48302469135802467, "Morellonomicon": 0.17746913580246915, "Locket of the Iron Solari": 0.0015432098765432098, "Abyssal Scepter": 0.08641975308641975, "Zeke's Harbinger": 0.0015432098765432098}, "avg": {"Athene's Unholy Grail": 0.04559478916695235, "Zhonya's Hourglass": 0.4558336190149697, "Void Staff": 0.17449434350359957, "Rabadon's Deathcap": 0.339846874642898, "Lich Bane": 0.7656267855102274, "Luden's Echo": 0.5473660153125357, "Morellonomicon": 0.16238144212090047, "Locket of the Iron Solari": 0.00022854530910753056, "Abyssal Scepter": 0.05267969374928579, "Warmog's Armor": 0.00022854530910753056}}, "totalDamageDealt": {"win": {"mains": 85.79968673837604, "avg": 77.62718005309036}, "lose": {"mains": 74.040932751384, "avg": 62.50095106790809}}, "totalDamageToChampions": {"win": {"mains": 12.021612121225388, "avg": 11.974858267655252}, "lose": {"mains": 10.856144548465805, "avg": 9.799183894268994}}, "totalTimeCrowdControlDealt": {"win": {"mains": 0.1452796434007501, "avg": 0.1472912819701195}, "lose": {"mains": 0.13738575536440203, "avg": 0.13240615946623185}}, "gamesRecorded": {"mains": 648, "avg": 8751}, "KDA": {"win": {"mains": 6.191192312015174, "avg": 5.1670208902205985}, "lose": {"mains": 2.000586696636698, "avg": 1.5606886927701769}}, "gamesWon": {"mains": 398, "avg": 4285}}