{"unusedItems": {"mains": ["3800", "3004", "3060", "3001", "3102", "3065", "3068", "3290", "3512", "3025", "3100", "3022", "3124", "3091", "3050", "3085", "3083", "3190", "3742", "3932", "3075", "3078", "3726", "3146", "3115", "3504", "3708", "3110", "3143", "3026"], "avg": ["3004", "3060", "3065", "3068", "3290", "3512", "3025", "3022", "3124", "3091", "3190", "3742", "3932", "3726", "3146", "3115", "3504", "3110"]}, "itemUsage": {"mains": {"Mejai's Soulstealer": 0.0625, "Zhonya's Hourglass": 0.275, "Void Staff": 0.37916666666666665, "Rabadon's Deathcap": 0.6333333333333333, "Rod of Ages": 0.004166666666666667, "Luden's Echo": 0.5208333333333334, "Morellonomicon": 0.5208333333333334, "Archangel's Staff": 0.004166666666666667, "Athene's Unholy Grail": 0.32083333333333336, "Rylai's Crystal Scepter": 0.10833333333333334}, "avg": {"Enchantment: Runeglaive": 0.0003206155819172812, "Mejai's Soulstealer": 0.035908945174735495, "Zhonya's Hourglass": 0.3170888105161911, "Void Staff": 0.23917922411029177, "Rabadon's Deathcap": 0.5274126322539275, "Luden's Echo": 0.5453671048412952, "Morellonomicon": 0.4331516511702469, "Athene's Unholy Grail": 0.3613337608207759, "Rylai's Crystal Scepter": 0.09073420968259058, "Thornmail": 0.0003206155819172812}}, "totalDamageDealt": {"win": {"mains": 82.23834118692331, "avg": 73.63040203136848}, "lose": {"mains": 77.31384970447279, "avg": 63.19824905393847}}, "totalDamageToChampions": {"win": {"mains": 14.849137297400722, "avg": 13.688733065600216}, "lose": {"mains": 13.474783198026456, "avg": 11.114083991302227}}, "totalTimeCrowdControlDealt": {"win": {"mains": 0.17960820341159245, "avg": 0.17971239847531661}, "lose": {"mains": 0.1845094740429971, "avg": 0.17559833232403546}}, "gamesRecorded": {"mains": 240, "avg": 3119}, "KDA": {"win": {"mains": 9.317575611325612, "avg": 7.361925961511942}, "lose": {"mains": 2.734351668862539, "avg": 2.042497175750376}}, "gamesWon": {"mains": 148, "avg": 1570}}