{"unusedItems": {"mains": ["3003", "3004", "3065", "3290", "3025", "3100", "3022", "3124", "3091", "3050", "3085", "3083", "3742", "3932", "3152", "3075", "3726", "3146", "3115", "3504", "3708"], "avg": ["3004", "3290", "3091", "3742", "3932", "3726", "3115"]}, "itemUsage": {"mains": {"Athene's Unholy Grail": 0.10948905109489052, "Zhonya's Hourglass": 0.2773722627737226, "Void Staff": 0.1897810218978102, "Rabadon's Deathcap": 0.24087591240875914, "Morellonomicon": 0.22627737226277372, "Luden's Echo": 0.2773722627737226, "Zz'Rot Portal": 0.0072992700729927005, "Liandry's Torment": 0.4744525547445255, "Randuin's Omen": 0.0072992700729927005, "Rylai's Crystal Scepter": 0.17518248175182483}, "avg": {"Athene's Unholy Grail": 0.11901159858799798, "Zhonya's Hourglass": 0.2849218356026223, "Void Staff": 0.14775592536560767, "Rabadon's Deathcap": 0.23096318709026728, "Luden's Echo": 0.19818456883509833, "Trinity Force": 0.0005042864346949068, "Morellonomicon": 0.14775592536560767, "Liandry's Torment": 0.44831064044377206, "Rylai's Crystal Scepter": 0.19969742813918306, "Runaan's Hurricane (Ranged Only)": 0.0005042864346949068}}, "totalDamageDealt": {"win": {"mains": 49.629517371944715, "avg": 43.06625596950801}, "lose": {"mains": 45.675922053642765, "avg": 40.11363220586742}}, "totalDamageToChampions": {"win": {"mains": 11.880010425527615, "avg": 11.364984334458882}, "lose": {"mains": 12.271189309158602, "avg": 11.073355537458378}}, "totalTimeCrowdControlDealt": {"win": {"mains": 0.15882423357468167, "avg": 0.15654255945308077}, "lose": {"mains": 0.15659552155037265, "avg": 0.16054752198120625}}, "gamesRecorded": {"mains": 137, "avg": 1983}, "KDA": {"win": {"mains": 4.705809165771571, "avg": 4.5551470633926705}, "lose": {"mains": 1.7722308352025335, "avg": 1.6264977607454996}}, "gamesWon": {"mains": 84, "avg": 1021}}