{"unusedItems": {"mains": ["3003", "3004", "3060", "3102", "3065", "3040", "3068", "3290", "3165", "3027", "3512", "3025", "3022", "3124", "3091", "3085", "3083", "3190", "3742", "3932", "3075", "3078", "3726", "3174", "3504", "3708", "3110", "3143", "3026"], "avg": ["3003", "3004", "3040", "3290", "3025", "3742", "3932", "3726", "3174", "3504", "3708"]}, "itemUsage": {"mains": {"Mejai's Soulstealer": 0.006211180124223602, "Zhonya's Hourglass": 0.8819875776397516, "Void Staff": 0.13043478260869565, "Rabadon's Deathcap": 0.36024844720496896, "Luden's Echo": 0.15527950310559005, "Will of the Ancients": 0.062111801242236024, "Liandry's Torment": 0.30434782608695654, "Rylai's Crystal Scepter": 0.2795031055900621, "Zeke's Harbinger": 0.006211180124223602, "Abyssal Scepter": 0.39751552795031053}, "avg": {"Zhonya's Hourglass": 0.8449672194369456, "Void Staff": 0.12649440802159662, "Rabadon's Deathcap": 0.2950250674893945, "Luden's Echo": 0.11261087543386039, "Will of the Ancients": 0.10451214809101426, "Frozen Mallet": 0.0003856536829926726, "Liandry's Torment": 0.3247204010798303, "Wit's End": 0.0003856536829926726, "Abyssal Scepter": 0.22560740455071346, "Rylai's Crystal Scepter": 0.216737369841882}}, "totalDamageDealt": {"win": {"mains": 64.62323053797003, "avg": 57.62909018468277}, "lose": {"mains": 52.56751474422816, "avg": 46.134800026207955}}, "totalDamageToChampions": {"win": {"mains": 12.988227649947607, "avg": 12.047496432135462}, "lose": {"mains": 10.80721269417961, "avg": 9.76205559237796}}, "totalTimeCrowdControlDealt": {"win": {"mains": 0.08908682521224537, "avg": 0.08594640208984523}, "lose": {"mains": 0.05845831923919257, "avg": 0.07939695942746824}}, "gamesRecorded": {"mains": 161, "avg": 2593}, "KDA": {"win": {"mains": 6.047608715161907, "avg": 5.352039540915024}, "lose": {"mains": 1.8313412541024472, "avg": 1.5874762518726573}}, "gamesWon": {"mains": 94, "avg": 1322}}