{"unusedItems": {"mains": ["3003", "3060", "3041", "3290", "3165", "3025", "3100", "3022", "3124", "3091", "3050", "3085", "3742", "3932", "3135", "3157", "3078", "3726", "3174", "3146", "3115", "3504", "3708"], "avg": ["3290", "3022", "3124", "3091", "3085", "3742", "3932", "3726", "3146", "3115"]}, "itemUsage": {"mains": {"Seraph's Embrace": 0.2714285714285714, "Rod of Ages": 0.4714285714285714, "Will of the Ancients": 0.014285714285714285, "Banshee's Veil": 0.12857142857142856, "Frozen Heart": 0.14285714285714285, "Liandry's Torment": 0.2, "Manamune": 0.014285714285714285, "Rylai's Crystal Scepter": 0.5285714285714286, "Thornmail": 0.45714285714285713, "Abyssal Scepter": 0.15714285714285714}, "avg": {"Rod of Ages": 0.6785714285714286, "Randuin's Omen": 0.07653061224489796, "Frozen Heart": 0.11649659863945579, "Ardent Censer": 0.0008503401360544217, "Zeke's Herald": 0.0008503401360544217, "Liandry's Torment": 0.19047619047619047, "Banshee's Veil": 0.12414965986394558, "Rylai's Crystal Scepter": 0.4192176870748299, "Thornmail": 0.3273809523809524, "Seraph's Embrace": 0.3741496598639456}}, "totalDamageDealt": {"win": {"mains": 83.75937980846692, "avg": 76.46237517196019}, "lose": {"mains": 76.47913929048262, "avg": 65.50110432487364}}, "totalDamageToChampions": {"win": {"mains": 12.157025491462882, "avg": 11.509663599445837}, "lose": {"mains": 11.942207419521672, "avg": 10.27227871548634}}, "totalTimeCrowdControlDealt": {"win": {"mains": 0.4207020385008245, "avg": 0.3675561564656729}, "lose": {"mains": 0.44720008320283305, "avg": 0.28975501063246845}}, "gamesRecorded": {"mains": 70, "avg": 1176}, "KDA": {"win": {"mains": 7.62532203568789, "avg": 4.19025661448045}, "lose": {"mains": 1.9716799709193216, "avg": 1.3346010780327922}}, "gamesWon": {"mains": 41, "avg": 588}}