{"unusedItems": {"mains": ["3004", "3065", "3068", "3290", "3512", "3025", "3100", "3022", "3124", "3091", "3085", "3742", "3932", "3075", "3078", "3146", "3115", "3708", "3143"], "avg": ["3004", "3290", "3022", "3124", "3091", "3742", "3932"]}, "itemUsage": {"mains": {"Zhonya's Hourglass": 0.3965785381026439, "Void Staff": 0.2161741835147745, "Rabadon's Deathcap": 0.48522550544323484, "Rod of Ages": 0.26594090202177295, "Luden's Echo": 0.5101088646967341, "Morellonomicon": 0.19440124416796267, "Frozen Heart": 0.0015552099533437014, "Ardent Censer": 0.0015552099533437014, "Abyssal Scepter": 0.08709175738724728, "Rylai's Crystal Scepter": 0.11975116640746501}, "avg": {"Zhonya's Hourglass": 0.3502676977989292, "Void Staff": 0.14080904223676383, "Rabadon's Deathcap": 0.42082093991671626, "Rod of Ages": 0.4903628792385485, "Luden's Echo": 0.48221296847114814, "Trinity Force": 0.0001189767995240928, "Morellonomicon": 0.17989292088042833, "Abyssal Scepter": 0.04598453301606187, "Nashor's Tooth": 0.0001189767995240928, "Rylai's Crystal Scepter": 0.1057703747769185}}, "totalDamageDealt": {"win": {"mains": 57.423364368807675, "avg": 51.28909550843266}, "lose": {"mains": 46.86988266199243, "avg": 39.75052060915837}}, "totalDamageToChampions": {"win": {"mains": 11.995039426452418, "avg": 11.55124662058686}, "lose": {"mains": 9.862083246563836, "avg": 8.957294948120804}}, "totalTimeCrowdControlDealt": {"win": {"mains": 0.08147641392919776, "avg": 0.08134558053440688}, "lose": {"mains": 0.07421278692623699, "avg": 0.07379988285057541}}, "gamesRecorded": {"mains": 643, "avg": 16810}, "KDA": {"win": {"mains": 5.482319244516576, "avg": 5.324047535085114}, "lose": {"mains": 1.8463167629471984, "avg": 1.6065001228889217}}, "gamesWon": {"mains": 413, "avg": 8837}}