{"unusedItems": {"mains": ["3003", "3004", "3068", "3290", "3512", "3022", "3124", "3091", "3085", "3742", "3932", "3152", "3726", "3146", "3708"], "avg": ["3290", "3742", "3932"]}, "itemUsage": {"mains": {"Athene's Unholy Grail": 0.10298102981029811, "Zhonya's Hourglass": 0.14634146341463414, "Rabadon's Deathcap": 0.2005420054200542, "Luden's Echo": 0.12195121951219512, "Trinity Force": 0.0027100271002710027, "Morellonomicon": 0.3062330623306233, "Locket of the Iron Solari": 0.13821138211382114, "Righteous Glory": 0.07046070460704607, "Zeke's Harbinger": 0.07046070460704607, "Warmog's Armor": 0.0027100271002710027}, "avg": {"Enchantment: Runeglaive": 0.00021696680407897592, "Athene's Unholy Grail": 0.07246691256237796, "Zhonya's Hourglass": 0.1631590366673899, "Rabadon's Deathcap": 0.15925363419396832, "Luden's Echo": 0.1034931655456715, "Will of the Ancients": 0.00021696680407897592, "Morellonomicon": 0.28769798220872206, "Locket of the Iron Solari": 0.1388587546105446, "Righteous Glory": 0.0765892818398785, "Zeke's Harbinger": 0.05641136906053374}}, "totalDamageDealt": {"win": {"mains": 34.37943725948847, "avg": 29.39478028702688}, "lose": {"mains": 30.346478919374036, "avg": 25.66999819052222}}, "totalDamageToChampions": {"win": {"mains": 6.5212251913838175, "avg": 5.791712143006704}, "lose": {"mains": 5.785019697323782, "avg": 5.099235388051509}}, "totalTimeCrowdControlDealt": {"win": {"mains": 0.2600394550289217, "avg": 0.24575019171606677}, "lose": {"mains": 0.28043895246856615, "avg": 0.24292436029178058}}, "gamesRecorded": {"mains": 369, "avg": 4609}, "KDA": {"win": {"mains": 8.526899280976535, "avg": 7.488809468323561}, "lose": {"mains": 2.2647817868406106, "avg": 1.989237543876114}}, "gamesWon": {"mains": 233, "avg": 2226}}