{"unusedItems": {"mains": ["3800", "3004", "3060", "3065", "3068", "3290", "3512", "3025", "3022", "3124", "3091", "3050", "3085", "3083", "3190", "3742", "3932", "3152", "3075", "3726", "3146", "3115", "3504", "3708", "3110"], "avg": ["3800", "3004", "3290", "3512", "3022", "3124", "3091", "3050", "3742", "3932", "3726", "3115"]}, "itemUsage": {"mains": {"Athene's Unholy Grail": 0.08309726156751653, "Zhonya's Hourglass": 0.3918791312559018, "Void Staff": 0.28895184135977336, "Rabadon's Deathcap": 0.45797922568460814, "Luden's Echo": 0.728989612842304, "Morellonomicon": 0.7110481586402266, "Archangel's Staff": 0.0009442870632672333, "Liandry's Torment": 0.0009442870632672333, "Abyssal Scepter": 0.17658168083097261, "Rylai's Crystal Scepter": 0.012275731822474031}, "avg": {"Athene's Unholy Grail": 0.08739995750407252, "Zhonya's Hourglass": 0.3738225086762519, "Void Staff": 0.22806147744174515, "Rabadon's Deathcap": 0.4082442099298817, "Lich Bane": 0.03520079325731284, "Luden's Echo": 0.7635809901551102, "Morellonomicon": 0.6629364685884269, "Locket of the Iron Solari": 7.082654578936186e-05, "Abyssal Scepter": 0.1425738366739854, "Runaan's Hurricane (Ranged Only)": 7.082654578936186e-05}}, "totalDamageDealt": {"win": {"mains": 77.29420902404043, "avg": 69.47593084918985}, "lose": {"mains": 64.48483982241828, "avg": 57.83450871432253}}, "totalDamageToChampions": {"win": {"mains": 13.12946226397811, "avg": 12.7301991690618}, "lose": {"mains": 10.767799679778225, "avg": 10.412123420680823}}, "totalTimeCrowdControlDealt": {"win": {"mains": 0.043637015465610676, "avg": 0.04998687987260564}, "lose": {"mains": 0.03772281726980547, "avg": 0.04253681613480703}}, "gamesRecorded": {"mains": 1059, "avg": 14119}, "KDA": {"win": {"mains": 7.715157983009604, "avg": 6.446343798688313}, "lose": {"mains": 2.1258445572765976, "avg": 1.901320159883688}}, "gamesWon": {"mains": 647, "avg": 7437}}