{"unusedItems": {"mains": ["3003", "3004", "3065", "3068", "3290", "3512", "3025", "3124", "3085", "3742", "3932", "3152", "3726", "3146", "3708", "3026"], "avg": ["3004", "3290", "3742", "3932"]}, "itemUsage": {"mains": {"Athene's Unholy Grail": 0.13247863247863248, "Righteous Glory": 0.07478632478632478, "Void Staff": 0.08974358974358974, "Rabadon's Deathcap": 0.202991452991453, "Luden's Echo": 0.1623931623931624, "Morellonomicon": 0.3034188034188034, "Locket of the Iron Solari": 0.16025641025641027, "Frozen Mallet": 0.002136752136752137, "Warmog's Armor": 0.002136752136752137, "Zhonya's Hourglass": 0.14957264957264957}, "avg": {"Athene's Unholy Grail": 0.08027851730493549, "Zhonya's Hourglass": 0.12717591644480852, "Rabadon's Deathcap": 0.14192095023551096, "Morellonomicon": 0.27421667007986894, "Luden's Echo": 0.12287528158918698, "Hextech Gunblade": 0.0006143764079459349, "Frozen Heart": 0.05386033176326029, "Locket of the Iron Solari": 0.15625639975424943, "Enchantment: Devourer": 0.0006143764079459349, "Righteous Glory": 0.08253123080073725}}, "totalDamageDealt": {"win": {"mains": 35.506151333671376, "avg": 28.68105080855732}, "lose": {"mains": 31.208073214360972, "avg": 24.984451340050285}}, "totalDamageToChampions": {"win": {"mains": 6.7333103990036465, "avg": 5.767420604974825}, "lose": {"mains": 5.940209599172211, "avg": 5.0419236081672665}}, "totalTimeCrowdControlDealt": {"win": {"mains": 0.24843663193614313, "avg": 0.23740988966300566}, "lose": {"mains": 0.24765533711320792, "avg": 0.2392949803912056}}, "gamesRecorded": {"mains": 468, "avg": 4883}, "KDA": {"win": {"mains": 9.070398952278147, "avg": 7.434473944830308}, "lose": {"mains": 2.551855677002736, "avg": 1.9468616716206928}}, "gamesWon": {"mains": 298, "avg": 2445}}