{"unusedItems": {"mains": ["3003", "3800", "3004", "3102", "3040", "3068", "3290", "3165", "3027", "3512", "3025", "3022", "3124", "3091", "3050", "3085", "3190", "3742", "3932", "3174", "3115", "3504", "3708", "3110"], "avg": ["3003", "3004", "3040", "3290", "3022", "3091", "3050", "3085", "3742", "3932", "3174", "3504"]}, "itemUsage": {"mains": {"Mejai's Soulstealer": 0.00819672131147541, "Zhonya's Hourglass": 0.45901639344262296, "Void Staff": 0.22950819672131148, "Rabadon's Deathcap": 0.4098360655737705, "Luden's Echo": 0.30327868852459017, "Will of the Ancients": 0.6557377049180327, "Liandry's Torment": 0.29508196721311475, "Rylai's Crystal Scepter": 0.32786885245901637, "Warmog's Armor": 0.00819672131147541, "Abyssal Scepter": 0.32786885245901637}, "avg": {"Guinsoo's Rageblade": 0.00035523978685612787, "Zhonya's Hourglass": 0.3268206039076377, "Void Staff": 0.13570159857904085, "Rabadon's Deathcap": 0.35630550621669627, "Iceborn Gauntlet": 0.00035523978685612787, "Luden's Echo": 0.21847246891651864, "Will of the Ancients": 0.7854351687388987, "Liandry's Torment": 0.25044404973357015, "Abyssal Scepter": 0.16518650088809947, "Rylai's Crystal Scepter": 0.322202486678508}}, "totalDamageDealt": {"win": {"mains": 98.91596856038983, "avg": 88.15346803873891}, "lose": {"mains": 83.65762432792451, "avg": 73.76527808602161}}, "totalDamageToChampions": {"win": {"mains": 14.476215156702976, "avg": 13.277300535815376}, "lose": {"mains": 12.139382246548859, "avg": 10.79253283806966}}, "totalTimeCrowdControlDealt": {"win": {"mains": 0.07022028258818559, "avg": 0.11199216695942857}, "lose": {"mains": 0.14724327350569252, "avg": 0.10071729464211661}}, "gamesRecorded": {"mains": 122, "avg": 2815}, "KDA": {"win": {"mains": 4.6641682673694875, "avg": 4.672943112363361}, "lose": {"mains": 1.6700009018759014, "avg": 1.4243478025179095}}, "gamesWon": {"mains": 82, "avg": 1465}}
