{"unusedItems": {"mains": ["3003", "3800", "3004", "3060", "3102", "3041", "3040", "3290", "3165", "3027", "3512", "3025", "3022", "3124", "3091", "3050", "3085", "3083", "3190", "3742", "3932", "3078", "3726", "3174", "3115", "3504", "3708", "3110", "3026"], "avg": ["3003", "3004", "3040", "3290", "3022", "3091", "3050", "3085", "3742", "3932", "3726", "3174", "3504"]}, "itemUsage": {"mains": {"Zhonya's Hourglass": 0.41379310344827586, "Void Staff": 0.1206896551724138, "Rabadon's Deathcap": 0.1810344827586207, "Luden's Echo": 0.2672413793103448, "Will of the Ancients": 0.7844827586206896, "Hextech Gunblade": 0.09482758620689655, "Randuin's Omen": 0.017241379310344827, "Abyssal Scepter": 0.19827586206896552, "Thornmail": 0.034482758620689655, "Rylai's Crystal Scepter": 0.3017241379310345}, "avg": {"Guinsoo's Rageblade": 0.00035523978685612787, "Zhonya's Hourglass": 0.3268206039076377, "Void Staff": 0.13570159857904085, "Rabadon's Deathcap": 0.35630550621669627, "Iceborn Gauntlet": 0.00035523978685612787, "Luden's Echo": 0.21847246891651864, "Will of the Ancients": 0.7854351687388987, "Liandry's Torment": 0.25044404973357015, "Abyssal Scepter": 0.16518650088809947, "Rylai's Crystal Scepter": 0.322202486678508}}, "totalDamageDealt": {"win": {"mains": 91.60743330557608, "avg": 88.15346803873891}, "lose": {"mains": 74.94886849240815, "avg": 73.76527808602161}}, "totalDamageToChampions": {"win": {"mains": 12.531625809857438, "avg": 13.277300535815376}, "lose": {"mains": 9.755620644315176, "avg": 10.79253283806966}}, "totalTimeCrowdControlDealt": {"win": {"mains": 0.09831819399590076, "avg": 0.11199216695942857}, "lose": {"mains": 0.10549741281268521, "avg": 0.10071729464211661}}, "gamesRecorded": {"mains": 116, "avg": 2815}, "KDA": {"win": {"mains": 3.9140512265512264, "avg": 4.672943112363361}, "lose": {"mains": 1.3267331153694792, "avg": 1.4243478025179095}}, "gamesWon": {"mains": 50, "avg": 1465}}