{"unusedItems": {"mains": ["3003", "3800", "3004", "3060", "3065", "3068", "3290", "3512", "3025", "3100", "3022", "3124", "3091", "3050", "3085", "3083", "3190", "3742", "3932", "3152", "3075", "3078", "3726", "3146", "3115", "3504", "3708", "3110", "3143", "3026"], "avg": ["3004", "3065", "3068", "3290", "3512", "3025", "3124", "3091", "3085", "3742", "3932", "3078", "3726", "3146", "3504"]}, "itemUsage": {"mains": {"Mejai's Soulstealer": 0.046052631578947366, "Zhonya's Hourglass": 0.27960526315789475, "Void Staff": 0.3651315789473684, "Rabadon's Deathcap": 0.5263157894736842, "Luden's Echo": 0.680921052631579, "Morellonomicon": 0.5197368421052632, "Banshee's Veil": 0.006578947368421052, "Athene's Unholy Grail": 0.32894736842105265, "Abyssal Scepter": 0.009868421052631578, "Seraph's Embrace": 0.039473684210526314}, "avg": {"Mejai's Soulstealer": 0.035833977829337456, "Zhonya's Hourglass": 0.29981954111884507, "Void Staff": 0.29466357308584684, "Rabadon's Deathcap": 0.49265274555297756, "Luden's Echo": 0.6267079144109307, "Morellonomicon": 0.43078112915699923, "Locket of the Iron Solari": 0.0002577984016499098, "Randuin's Omen": 0.0002577984016499098, "Athene's Unholy Grail": 0.3601443671049239, "Rylai's Crystal Scepter": 0.047692704305233306}}, "totalDamageDealt": {"win": {"mains": 83.35701714273182, "avg": 75.13928044502289}, "lose": {"mains": 72.92801254718043, "avg": 63.80850577417847}}, "totalDamageToChampions": {"win": {"mains": 14.242700381998725, "avg": 13.954182198506187}, "lose": {"mains": 12.12829802285687, "avg": 11.092699644372667}}, "totalTimeCrowdControlDealt": {"win": {"mains": 0.17391098644428563, "avg": 0.17765132250498838}, "lose": {"mains": 0.17163648378630492, "avg": 0.17208715481929235}}, "gamesRecorded": {"mains": 304, "avg": 3879}, "KDA": {"win": {"mains": 9.45680561635618, "avg": 7.479197768214014}, "lose": {"mains": 2.152881565083946, "avg": 1.9853679835099372}}, "gamesWon": {"mains": 178, "avg": 1949}}