{"unusedItems": {"mains": ["3060", "3041", "3068", "3290", "3512", "3100", "3022", "3124", "3091", "3050", "3085", "3190", "3742", "3932", "3078", "3726", "3174", "3115", "3504", "3708"], "avg": ["3290", "3022", "3091", "3050", "3085", "3742", "3932", "3726", "3504"]}, "itemUsage": {"mains": {"Zhonya's Hourglass": 0.11165048543689321, "Void Staff": 0.2961165048543689, "Rabadon's Deathcap": 0.09546925566343042, "Rod of Ages": 0.9741100323624595, "Morellonomicon": 0.0016181229773462784, "Luden's Echo": 0.14401294498381878, "Hextech Gunblade": 0.0016181229773462784, "Frozen Heart": 0.2524271844660194, "Abyssal Scepter": 0.16990291262135923, "Seraph's Embrace": 0.7880258899676376}, "avg": {"Guinsoo's Rageblade": 0.00011889192723814053, "Zhonya's Hourglass": 0.10319819284270598, "Void Staff": 0.1973605992153133, "Rabadon's Deathcap": 0.10581381524194507, "Rod of Ages": 0.9266436808940673, "Luden's Echo": 0.10177148971584829, "Frozen Heart": 0.24337177505647367, "Abyssal Scepter": 0.11841635952918797, "Nashor's Tooth": 0.00011889192723814053, "Seraph's Embrace": 0.6999167756509334}}, "totalDamageDealt": {"win": {"mains": 70.23234835224966, "avg": 67.2647977743477}, "lose": {"mains": 62.149870872207785, "avg": 54.04513459261232}}, "totalDamageToChampions": {"win": {"mains": 12.911223161282091, "avg": 12.608468541256741}, "lose": {"mains": 11.14672822806349, "avg": 9.721274996824208}}, "totalTimeCrowdControlDealt": {"win": {"mains": 0.147390014855563, "avg": 0.15449055522288263}, "lose": {"mains": 0.14376969112176013, "avg": 0.13206547114316233}}, "gamesRecorded": {"mains": 618, "avg": 8411}, "KDA": {"win": {"mains": 5.192814488654823, "avg": 4.7500079736332745}, "lose": {"mains": 1.7034340424949088, "avg": 1.350981569860709}}, "gamesWon": {"mains": 420, "avg": 3995}}