{"unusedItems": {"mains": ["3003", "3800", "3004", "3060", "3065", "3041", "3068", "3290", "3512", "3025", "3100", "3022", "3124", "3091", "3085", "3083", "3742", "3932", "3075", "3078", "3726", "3146", "3115", "3504", "3708", "3110", "3143", "3026"], "avg": ["3800", "3290", "3022", "3124", "3742", "3932", "3726"]}, "itemUsage": {"mains": {"Zhonya's Hourglass": 0.3470319634703196, "Void Staff": 0.2100456621004566, "Rabadon's Deathcap": 0.3561643835616438, "Rod of Ages": 0.6986301369863014, "Luden's Echo": 0.3607305936073059, "Will of the Ancients": 0.0045662100456621, "Morellonomicon": 0.2191780821917808, "Liandry's Torment": 0.3744292237442922, "Rylai's Crystal Scepter": 0.2968036529680365, "Zeke's Harbinger": 0.0045662100456621}, "avg": {"Zhonya's Hourglass": 0.2891183478951549, "Void Staff": 0.1453534551231136, "Rabadon's Deathcap": 0.4221604447974583, "Rod of Ages": 0.7335186656076251, "Luden's Echo": 0.3308181096108022, "Morellonomicon": 0.19737887212073074, "Locket of the Iron Solari": 0.00019857029388403494, "Liandry's Torment": 0.33161239078633836, "Wit's End": 0.00019857029388403494, "Rylai's Crystal Scepter": 0.19757744241461478}}, "totalDamageDealt": {"win": {"mains": 78.7718906334785, "avg": 70.9587794913481}, "lose": {"mains": 74.1780281693532, "avg": 61.816926659786795}}, "totalDamageToChampions": {"win": {"mains": 12.854318315022061, "avg": 12.545096991707156}, "lose": {"mains": 12.161838756420963, "avg": 11.137626465749078}}, "totalTimeCrowdControlDealt": {"win": {"mains": 0.1754187813766503, "avg": 0.13599341184891872}, "lose": {"mains": 0.14229990415596844, "avg": 0.11317523089924919}}, "gamesRecorded": {"mains": 219, "avg": 5036}, "KDA": {"win": {"mains": 7.157312331952621, "avg": 5.876357508955317}, "lose": {"mains": 2.2114610042735046, "avg": 1.7205704662452428}}, "gamesWon": {"mains": 139, "avg": 2721}}