{"unusedItems": {"mains": ["3003", "3800", "3004", "3060", "3065", "3068", "3290", "3512", "3025", "3022", "3124", "3091", "3050", "3085", "3083", "3190", "3742", "3932", "3152", "3075", "3078", "3726", "3146", "3115", "3504", "3708", "3110", "3143"], "avg": ["3800", "3068", "3290", "3124", "3091", "3742", "3932", "3726", "3115", "3504"]}, "itemUsage": {"mains": {"Athene's Unholy Grail": 0.07237512742099898, "Zhonya's Hourglass": 0.4057084607543323, "Void Staff": 0.2324159021406728, "Rabadon's Deathcap": 0.4689092762487258, "Luden's Echo": 0.6850152905198776, "Morellonomicon": 0.7217125382262997, "Banshee's Veil": 0.0010193679918450561, "Abyssal Scepter": 0.17023445463812437, "Guardian Angel": 0.0010193679918450561, "Rylai's Crystal Scepter": 0.08154943934760449}, "avg": {"Athene's Unholy Grail": 0.08206346987278065, "Zhonya's Hourglass": 0.3924926604222005, "Void Staff": 0.1726548301411995, "Rabadon's Deathcap": 0.41304347826086957, "Iceborn Gauntlet": 6.990074094785405e-05, "Luden's Echo": 0.7419264644205229, "Morellonomicon": 0.6793653012721935, "Frozen Mallet": 6.990074094785405e-05, "Abyssal Scepter": 0.13057458409059136, "Rylai's Crystal Scepter": 0.04382776457430449}}, "totalDamageDealt": {"win": {"mains": 76.69424293507574, "avg": 68.95287155011363}, "lose": {"mains": 66.03263954830001, "avg": 57.54635534164954}}, "totalDamageToChampions": {"win": {"mains": 12.836832769802573, "avg": 12.562089374903401}, "lose": {"mains": 11.050098512910136, "avg": 10.246911189398185}}, "totalTimeCrowdControlDealt": {"win": {"mains": 0.06142217031911732, "avg": 0.05972295397676811}, "lose": {"mains": 0.05199739498658405, "avg": 0.0517260438889272}}, "gamesRecorded": {"mains": 981, "avg": 14306}, "KDA": {"win": {"mains": 7.500066949301646, "avg": 6.6429349472296515}, "lose": {"mains": 2.1841351749748705, "avg": 1.9586326743488407}}, "gamesWon": {"mains": 588, "avg": 7658}}