{"unusedItems": {"mains": ["3800", "3004", "3060", "3041", "3068", "3290", "3165", "3512", "3100", "3022", "3124", "3091", "3050", "3085", "3083", "3190", "3742", "3932", "3152", "3151", "3078", "3726", "3174", "3146", "3115", "3504", "3708"], "avg": ["3060", "3290", "3022", "3124", "3091", "3085", "3190", "3742", "3932", "3078", "3726", "3115", "3504"]}, "itemUsage": {"mains": {"Zhonya's Hourglass": 0.14814814814814814, "Void Staff": 0.3333333333333333, "Rabadon's Deathcap": 0.037037037037037035, "Rod of Ages": 1.0, "Iceborn Gauntlet": 0.07407407407407407, "Frozen Heart": 0.4074074074074074, "Banshee's Veil": 0.07407407407407407, "Abyssal Scepter": 0.1111111111111111, "Thornmail": 0.037037037037037035, "Seraph's Embrace": 0.7037037037037037}, "avg": {"Enchantment: Runeglaive": 0.0002643404705260375, "Zhonya's Hourglass": 0.10679355009251916, "Void Staff": 0.12291831879460745, "Rabadon's Deathcap": 0.09701295268305578, "Rod of Ages": 0.9177901136664023, "Hextech Gunblade": 0.0002643404705260375, "Frozen Heart": 0.23209093312186097, "Archangel's Staff": 0.06502775574940524, "Abyssal Scepter": 0.09542690985989954, "Seraph's Embrace": 0.6315093840867037}}, "totalDamageDealt": {"win": {"mains": 73.54129250219084, "avg": 61.326038834216625}, "lose": {"mains": 61.64736328825555, "avg": 47.98025503459817}}, "totalDamageToChampions": {"win": {"mains": 13.605878462724522, "avg": 11.501542621401452}, "lose": {"mains": 10.491892166304778, "avg": 8.57335853369462}}, "totalTimeCrowdControlDealt": {"win": {"mains": 0.12795158871368714, "avg": 0.1371470997727696}, "lose": {"mains": 0.16720785455941212, "avg": 0.11507718718077131}}, "gamesRecorded": {"mains": 27, "avg": 3783}, "KDA": {"win": {"mains": 3.086011396011396, "avg": 4.245921571578164}, "lose": {"mains": 1.6438341750841754, "avg": 1.2220618536220762}}, "gamesWon": {"mains": 15, "avg": 1650}}