{"unusedItems": {"mains": ["3003", "3004", "3065", "3040", "3068", "3290", "3165", "3027", "3512", "3025", "3022", "3124", "3083", "3742", "3932", "3152", "3075", "3174", "3146", "3116", "3026"], "avg": ["3290", "3742", "3932"]}, "itemUsage": {"mains": {"Mejai's Soulstealer": 0.044444444444444446, "Zhonya's Hourglass": 0.18888888888888888, "Void Staff": 0.2, "Rabadon's Deathcap": 0.28888888888888886, "Lich Bane": 0.24444444444444444, "Frozen Heart": 0.011111111111111112, "Locket of the Iron Solari": 0.011111111111111112, "Wit's End": 0.17777777777777778, "Nashor's Tooth": 0.8, "Runaan's Hurricane (Ranged Only)": 0.3}, "avg": {"Wit's End": 0.08544600938967137, "Zhonya's Hourglass": 0.13615023474178403, "Void Staff": 0.1056338028169014, "Rabadon's Deathcap": 0.2906103286384977, "Lich Bane": 0.1807511737089202, "Luden's Echo": 0.08591549295774648, "Zz'Rot Portal": 0.0014084507042253522, "Manamune": 0.0009389671361502347, "Nashor's Tooth": 0.7699530516431925, "Runaan's Hurricane (Ranged Only)": 0.33004694835680753}}, "totalDamageDealt": {"win": {"mains": 81.43518295571062, "avg": 65.34096183730865}, "lose": {"mains": 58.88228878447658, "avg": 50.998622706707096}}, "totalDamageToChampions": {"win": {"mains": 10.27048355560053, "avg": 9.11631224624786}, "lose": {"mains": 6.640503326277276, "avg": 6.966456402055105}}, "totalTimeCrowdControlDealt": {"win": {"mains": 0.12496177460113914, "avg": 0.13602039202131638}, "lose": {"mains": 0.09729634413405973, "avg": 0.11837244599966783}}, "gamesRecorded": {"mains": 90, "avg": 2130}, "KDA": {"win": {"mains": 7.054384504384505, "avg": 5.842869484213468}, "lose": {"mains": 2.1818524311945366, "avg": 1.5641042741075515}}, "gamesWon": {"mains": 52, "avg": 1018}}