{"unusedItems": {"mains": ["3800", "3004", "3060", "3065", "3068", "3290", "3512", "3025", "3022", "3124", "3050", "3083", "3190", "3742", "3932", "3152", "3726", "3146", "3115", "3504", "3708", "3110", "3143"], "avg": ["3800", "3060", "3068", "3290", "3512", "3050", "3083", "3190", "3742", "3932", "3726", "3504", "3708", "3110"]}, "itemUsage": {"mains": {"Mejai's Soulstealer": 0.004672897196261682, "Zhonya's Hourglass": 0.0794392523364486, "Void Staff": 0.2616822429906542, "Rabadon's Deathcap": 0.22897196261682243, "Luden's Echo": 0.45794392523364486, "Trinity Force": 0.397196261682243, "Liandry's Torment": 0.056074766355140186, "Athene's Unholy Grail": 0.037383177570093455, "Seraph's Embrace": 0.3878504672897196, "Thornmail": 0.004672897196261682}, "avg": {"Guinsoo's Rageblade": 0.0008598452278589854, "Athene's Unholy Grail": 0.03697334479793637, "Zhonya's Hourglass": 0.0709372312983663, "Void Staff": 0.12811693895098883, "Rabadon's Deathcap": 0.15391229578675839, "Iceborn Gauntlet": 0.0008598452278589854, "Luden's Echo": 0.33233018056749786, "Trinity Force": 0.4484092863284609, "Liandry's Torment": 0.03181427343078246, "Seraph's Embrace": 0.2510748065348237}}, "totalDamageDealt": {"win": {"mains": 83.69918407220335, "avg": 77.79732515731479}, "lose": {"mains": 73.66133838102233, "avg": 64.71591665014977}}, "totalDamageToChampions": {"win": {"mains": 15.847363873032204, "avg": 14.531293141322852}, "lose": {"mains": 13.308428716467041, "avg": 12.051606160827305}}, "totalTimeCrowdControlDealt": {"win": {"mains": 0.47153269141988785, "avg": 0.4715570798346501}, "lose": {"mains": 0.4924932410513948, "avg": 0.45250528477232516}}, "gamesRecorded": {"mains": 214, "avg": 2326}, "KDA": {"win": {"mains": 6.454637915772367, "avg": 5.777481444624137}, "lose": {"mains": 2.195889315363, "avg": 1.7302610025184022}}, "gamesWon": {"mains": 119, "avg": 1160}}