{"unusedItems": {"mains": ["3003", "3004", "3001", "3290", "3512", "3025", "3100", "3022", "3124", "3091", "3085", "3083", "3742", "3932", "3152", "3075", "3078", "3726", "3146", "3115", "3708", "3026"], "avg": ["3004", "3290", "3022", "3085", "3742", "3932", "3726"]}, "itemUsage": {"mains": {"Luden's Echo": 0.23668639053254437, "Athene's Unholy Grail": 0.14792899408284024, "Zhonya's Hourglass": 0.15976331360946747, "Rabadon's Deathcap": 0.1893491124260355, "Spirit Visage": 0.005917159763313609, "Morellonomicon": 0.21893491124260356, "Ardent Censer": 0.11242603550295859, "Liandry's Torment": 0.2485207100591716, "Zeke's Harbinger": 0.1242603550295858, "Sunfire Cape": 0.005917159763313609}, "avg": {"Athene's Unholy Grail": 0.0995385629531971, "Zhonya's Hourglass": 0.18490441661173368, "Rabadon's Deathcap": 0.24225444957152273, "Luden's Echo": 0.2089650626235992, "Trinity Force": 0.0003295978905735003, "Morellonomicon": 0.34442979564930787, "Locket of the Iron Solari": 0.061305207646671064, "Liandry's Torment": 0.21061305207646672, "Wit's End": 0.0003295978905735003, "Zeke's Harbinger": 0.04779169413315755}}, "totalDamageDealt": {"win": {"mains": 37.767317216465266, "avg": 34.570334908200955}, "lose": {"mains": 28.74831290614122, "avg": 30.096404194591887}}, "totalDamageToChampions": {"win": {"mains": 8.961260715826917, "avg": 8.799995658113296}, "lose": {"mains": 7.855925500719226, "avg": 7.706025068461212}}, "totalTimeCrowdControlDealt": {"win": {"mains": 0.1924582141204456, "avg": 0.1960434336384858}, "lose": {"mains": 0.1792181972965016, "avg": 0.19704768325633534}}, "gamesRecorded": {"mains": 169, "avg": 3034}, "KDA": {"win": {"mains": 6.775946976180622, "avg": 6.514791619316719}, "lose": {"mains": 2.6192475982798564, "avg": 1.8460388916031032}}, "gamesWon": {"mains": 107, "avg": 1444}}