{"unusedItems": {"mains": ["3003", "3800", "3004", "3060", "3065", "3068", "3290", "3512", "3025", "3022", "3124", "3091", "3050", "3085", "3190", "3742", "3932", "3152", "3075", "3078", "3726", "3146", "3115", "3504", "3708", "3110", "3143", "3026"], "avg": ["3800", "3004", "3060", "3068", "3290", "3512", "3022", "3124", "3091", "3190", "3742", "3932", "3075", "3726", "3146", "3504", "3110"]}, "itemUsage": {"mains": {"Zhonya's Hourglass": 0.33217993079584773, "Void Staff": 0.21914648212226068, "Rabadon's Deathcap": 0.5167243367935409, "Rylai's Crystal Scepter": 0.06689734717416378, "Lich Bane": 0.1580161476355248, "Luden's Echo": 0.4279123414071511, "Morellonomicon": 0.26528258362168394, "Abyssal Scepter": 0.09457900807381776, "Warmog's Armor": 0.0011534025374855825, "Seraph's Embrace": 0.0011534025374855825}, "avg": {"Enchantment: Runeglaive": 0.00010547410610695074, "Zhonya's Hourglass": 0.3021833139964139, "Void Staff": 0.16865309566501424, "Rabadon's Deathcap": 0.4543824491087438, "Lich Bane": 0.19133002847800865, "Luden's Echo": 0.40618078261786733, "Morellonomicon": 0.1931230882818268, "Abyssal Scepter": 0.06592131631684421, "Nashor's Tooth": 0.00010547410610695074, "Rylai's Crystal Scepter": 0.057377913722181206}}, "totalDamageDealt": {"win": {"mains": 85.06767938957672, "avg": 78.52608711553196}, "lose": {"mains": 74.40820082367576, "avg": 65.57878721937368}}, "totalDamageToChampions": {"win": {"mains": 14.026399853027987, "avg": 13.565458586361856}, "lose": {"mains": 12.070574614887937, "avg": 10.886068233103748}}, "totalTimeCrowdControlDealt": {"win": {"mains": 0.06291991576206195, "avg": 0.06474847397628064}, "lose": {"mains": 0.0614881954863902, "avg": 0.06073794987626546}}, "gamesRecorded": {"mains": 867, "avg": 9481}, "KDA": {"win": {"mains": 6.706627700012914, "avg": 6.043670426997221}, "lose": {"mains": 1.8396549607514439, "avg": 1.6592168089117407}}, "gamesWon": {"mains": 514, "avg": 4793}}