{"unusedItems": {"mains": ["3003", "3800", "3004", "3060", "3102", "3065", "3041", "3040", "3290", "3165", "3027", "3512", "3025", "3100", "3022", "3124", "3091", "3050", "3085", "3083", "3190", "3742", "3932", "3078", "3726", "3174", "3146", "3115", "3504", "3708", "3110"], "avg": ["3003", "3004", "3040", "3290", "3100", "3022", "3124", "3085", "3742", "3932", "3726", "3174", "3504"]}, "itemUsage": {"mains": {"Zhonya's Hourglass": 0.7012195121951219, "Void Staff": 0.22560975609756098, "Rabadon's Deathcap": 0.12195121951219512, "Luden's Echo": 0.018292682926829267, "Will of the Ancients": 0.006097560975609756, "Liandry's Torment": 0.8445121951219512, "Randuin's Omen": 0.006097560975609756, "Rylai's Crystal Scepter": 0.34146341463414637, "Thornmail": 0.01524390243902439, "Abyssal Scepter": 0.2530487804878049}, "avg": {"Zhonya's Hourglass": 0.6905283662040419, "Void Staff": 0.15169223277331387, "Rabadon's Deathcap": 0.11906501095690285, "Luden's Echo": 0.014365717068419772, "Locket of the Iron Solari": 0.00024348672997321646, "Liandry's Torment": 0.804236669101534, "Rylai's Crystal Scepter": 0.34404674945215485, "Zeke's Harbinger": 0.00024348672997321646, "Guardian Angel": 0.011930849768687607, "Abyssal Scepter": 0.17701485269052836}}, "totalDamageDealt": {"win": {"mains": 65.50619244608677, "avg": 61.50520426188778}, "lose": {"mains": 57.430467122384734, "avg": 50.94115007723156}}, "totalDamageToChampions": {"win": {"mains": 13.250113492161358, "avg": 12.265811775993871}, "lose": {"mains": 11.712041610649399, "avg": 10.246451985223047}}, "totalTimeCrowdControlDealt": {"win": {"mains": 0.4776210229345152, "avg": 0.48328694836359004}, "lose": {"mains": 0.4973144657202861, "avg": 0.44661253640264853}}, "gamesRecorded": {"mains": 328, "avg": 4107}, "KDA": {"win": {"mains": 6.518544542798274, "avg": 5.780611865521164}, "lose": {"mains": 2.063294710538804, "avg": 1.6070122126339688}}, "gamesWon": {"mains": 201, "avg": 2112}}