{"unusedItems": {"mains": ["3003", "3800", "3004", "3060", "3040", "3068", "3290", "3027", "3512", "3025", "3083", "3742", "3932", "3152", "3504", "3708", "3110"], "avg": ["3004", "3290", "3742"]}, "itemUsage": {"mains": {"Athene's Unholy Grail": 0.0022123893805309734, "Zhonya's Hourglass": 0.14380530973451328, "Void Staff": 0.1415929203539823, "Rabadon's Deathcap": 0.22566371681415928, "Lich Bane": 0.11504424778761062, "Morellonomicon": 0.0022123893805309734, "Wit's End": 0.17035398230088494, "Rylai's Crystal Scepter": 0.22787610619469026, "Nashor's Tooth": 0.8738938053097345, "Runaan's Hurricane (Ranged Only)": 0.415929203539823}, "avg": {"Zhonya's Hourglass": 0.13953488372093023, "Void Staff": 0.09464233146894319, "Rabadon's Deathcap": 0.2200471003826906, "Lich Bane": 0.14880777156314395, "Enchantment: Sated Devourer": 0.00014718869590815426, "Zz'Rot Portal": 0.00029437739181630853, "Wit's End": 0.10582867235796291, "Rylai's Crystal Scepter": 0.13629673241095083, "Nashor's Tooth": 0.8535472475713866, "Runaan's Hurricane (Ranged Only)": 0.4191934059464233}}, "totalDamageDealt": {"win": {"mains": 94.88239776848717, "avg": 86.81215598925003}, "lose": {"mains": 79.91140326458537, "avg": 66.69842240403771}}, "totalDamageToChampions": {"win": {"mains": 10.296859248714545, "avg": 9.916420349995422}, "lose": {"mains": 8.65588289374455, "avg": 7.457037888121127}}, "totalTimeCrowdControlDealt": {"win": {"mains": 0.35166872917935116, "avg": 0.297171188162521}, "lose": {"mains": 0.27800238081507206, "avg": 0.22095330502509594}}, "gamesRecorded": {"mains": 452, "avg": 6794}, "KDA": {"win": {"mains": 6.468701979147185, "avg": 5.767343720084219}, "lose": {"mains": 1.7783147581585084, "avg": 1.561706873968764}}, "gamesWon": {"mains": 292, "avg": 3591}}