{"unusedItems": {"mains": ["3003", "3800", "3004", "3060", "3102", "3065", "3040", "3290", "3027", "3512", "3124", "3050", "3742", "3932", "3152", "3075", "3726", "3146", "3504"], "avg": ["3290", "3742", "3932"]}, "itemUsage": {"mains": {"Zhonya's Hourglass": 0.15286624203821655, "Void Staff": 0.29936305732484075, "Rabadon's Deathcap": 0.267515923566879, "Warmog's Armor": 0.006369426751592357, "Luden's Echo": 0.20382165605095542, "Morellonomicon": 0.33121019108280253, "Locket of the Iron Solari": 0.006369426751592357, "Liandry's Torment": 0.5796178343949044, "Nashor's Tooth": 0.2229299363057325, "Runaan's Hurricane (Ranged Only)": 0.10828025477707007}, "avg": {"Zhonya's Hourglass": 0.1807790645209806, "Void Staff": 0.18784779666115206, "Rabadon's Deathcap": 0.38126033990073693, "Luden's Echo": 0.1719055497067228, "Morellonomicon": 0.2290570010527899, "Locket of the Iron Solari": 0.00030079711234772146, "Zeke's Herald": 0.00015039855617386073, "Liandry's Torment": 0.5334636787486841, "Nashor's Tooth": 0.45871559633027525, "Runaan's Hurricane (Ranged Only)": 0.2550759512708678}}, "totalDamageDealt": {"win": {"mains": 65.188298262441, "avg": 63.844531569867776}, "lose": {"mains": 58.04774953538036, "avg": 52.16292879149002}}, "totalDamageToChampions": {"win": {"mains": 13.810191963038259, "avg": 13.231880297468187}, "lose": {"mains": 13.61531186606227, "avg": 11.611751851029386}}, "totalTimeCrowdControlDealt": {"win": {"mains": 0.27972501968916313, "avg": 0.2526680692755909}, "lose": {"mains": 0.3453388644568925, "avg": 0.25672257532901366}}, "gamesRecorded": {"mains": 157, "avg": 6649}, "KDA": {"win": {"mains": 4.160784354534355, "avg": 3.9278572337834374}, "lose": {"mains": 1.6263373419033798, "avg": 1.4350936110648642}}, "gamesWon": {"mains": 104, "avg": 3266}}