{"unusedItems": {"mains": ["3003", "3800", "3004", "3060", "3001", "3065", "3041", "3068", "3290", "3512", "3025", "3022", "3124", "3091", "3050", "3083", "3190", "3742", "3932", "3152", "3075", "3726", "3146", "3504", "3708", "3110"], "avg": ["3800", "3060", "3068", "3290", "3512", "3050", "3190", "3742", "3932", "3152", "3726", "3504"]}, "itemUsage": {"mains": {"Athene's Unholy Grail": 0.00909090909090909, "Zhonya's Hourglass": 0.06363636363636363, "Void Staff": 0.17272727272727273, "Rabadon's Deathcap": 0.21818181818181817, "Luden's Echo": 0.39090909090909093, "Trinity Force": 0.43636363636363634, "Morellonomicon": 0.00909090909090909, "Liandry's Torment": 0.09090909090909091, "Rylai's Crystal Scepter": 0.16363636363636364, "Seraph's Embrace": 0.35454545454545455}, "avg": {"Enchantment: Runeglaive": 0.0003869969040247678, "Zhonya's Hourglass": 0.056114551083591334, "Void Staff": 0.07739938080495357, "Rabadon's Deathcap": 0.11996904024767802, "Luden's Echo": 0.34404024767801855, "Trinity Force": 0.4605263157894737, "Frozen Heart": 0.0003869969040247678, "Liandry's Torment": 0.08204334365325078, "Rylai's Crystal Scepter": 0.12190402476780186, "Seraph's Embrace": 0.24071207430340558}}, "totalDamageDealt": {"win": {"mains": 80.82487051062263, "avg": 76.52957772368963}, "lose": {"mains": 72.99292647599368, "avg": 64.77305251884968}}, "totalDamageToChampions": {"win": {"mains": 15.035734362951148, "avg": 13.917981877736205}, "lose": {"mains": 13.831760096943935, "avg": 11.957547042694063}}, "totalTimeCrowdControlDealt": {"win": {"mains": 0.518127461274945, "avg": 0.49469482750573807}, "lose": {"mains": 0.43953825248316125, "avg": 0.4767352694098062}}, "gamesRecorded": {"mains": 110, "avg": 2584}, "KDA": {"win": {"mains": 6.352190693629049, "avg": 6.02564710995726}, "lose": {"mains": 2.7349381849381853, "avg": 1.8131158960515286}}, "gamesWon": {"mains": 73, "avg": 1301}}