{"unusedItems": {"mains": ["3003", "3004", "3060", "3065", "3068", "3290", "3025", "3100", "3022", "3124", "3091", "3050", "3085", "3083", "3742", "3932", "3075", "3078", "3726", "3146", "3115", "3504", "3708", "3143", "3026"], "avg": ["3290", "3022", "3124", "3091", "3742", "3932", "3146", "3504"]}, "itemUsage": {"mains": {"Athene's Unholy Grail": 0.32, "Zhonya's Hourglass": 0.28, "Void Staff": 0.44, "Rabadon's Deathcap": 0.6266666666666667, "Luden's Echo": 0.28, "Will of the Ancients": 0.08, "Morellonomicon": 0.3333333333333333, "Locket of the Iron Solari": 0.013333333333333334, "Righteous Glory": 0.013333333333333334, "Seraph's Embrace": 0.17333333333333334}, "avg": {"Athene's Unholy Grail": 0.13953488372093023, "Zhonya's Hourglass": 0.3875968992248062, "Void Staff": 0.31211750305997554, "Rabadon's Deathcap": 0.642594859241126, "Luden's Echo": 0.32068543451652387, "Morellonomicon": 0.3769889840881273, "Zeke's Herald": 0.0004079967360261118, "Liandry's Torment": 0.06446348429212566, "Seraph's Embrace": 0.23215014279885762, "Runaan's Hurricane (Ranged Only)": 0.0004079967360261118}}, "totalDamageDealt": {"win": {"mains": 84.14319903596271, "avg": 71.31918584695642}, "lose": {"mains": 64.05068384718808, "avg": 57.240288439842104}}, "totalDamageToChampions": {"win": {"mains": 11.454199144134154, "avg": 11.785813763359018}, "lose": {"mains": 9.521303921073144, "avg": 9.196238522646045}}, "totalTimeCrowdControlDealt": {"win": {"mains": 0.053771174603830366, "avg": 0.06719446164845537}, "lose": {"mains": 0.06598316186453881, "avg": 0.06791347954836446}}, "gamesRecorded": {"mains": 75, "avg": 2451}, "KDA": {"win": {"mains": 5.9445757329090645, "avg": 5.793775308465014}, "lose": {"mains": 1.8280735930735934, "avg": 1.7336945304431028}}, "gamesWon": {"mains": 45, "avg": 1136}}