{"unusedItems": {"mains": ["3003", "3800", "3004", "3060", "3065", "3041", "3068", "3290", "3512", "3025", "3022", "3124", "3091", "3050", "3085", "3083", "3190", "3742", "3932", "3152", "3075", "3078", "3726", "3146", "3116", "3115", "3504", "3708", "3110", "3143", "3026"], "avg": ["3004", "3290", "3124", "3091", "3050", "3085", "3083", "3742", "3932", "3726", "3146", "3115", "3504", "3708"]}, "itemUsage": {"mains": {"Zhonya's Hourglass": 0.7892376681614349, "Void Staff": 0.2645739910313901, "Rabadon's Deathcap": 0.3721973094170404, "Rod of Ages": 0.39461883408071746, "Luden's Echo": 0.2062780269058296, "Morellonomicon": 0.4798206278026906, "Abyssal Scepter": 0.2645739910313901, "Liandry's Torment": 0.07174887892376682, "Seraph's Embrace": 0.004484304932735426, "Lich Bane": 0.004484304932735426}, "avg": {"Zhonya's Hourglass": 0.7041557686718977, "Void Staff": 0.1987794245858762, "Rabadon's Deathcap": 0.3167683812845103, "Rod of Ages": 0.5501307759372276, "Luden's Echo": 0.1952920662598082, "Trinity Force": 0.0002906131938390003, "Morellonomicon": 0.36733507701249635, "Locket of the Iron Solari": 0.0002906131938390003, "Liandry's Torment": 0.1086893344957861, "Abyssal Scepter": 0.17291485033420517}}, "totalDamageDealt": {"win": {"mains": 80.63336343025236, "avg": 73.90238718520291}, "lose": {"mains": 73.06091674282239, "avg": 63.02939427862075}}, "totalDamageToChampions": {"win": {"mains": 11.88064284363071, "avg": 11.077585078829625}, "lose": {"mains": 10.45136445240237, "avg": 9.315301216024281}}, "totalTimeCrowdControlDealt": {"win": {"mains": 0.20544639562720973, "avg": 0.21483059911511326}, "lose": {"mains": 0.20086719506663833, "avg": 0.19688597774235747}}, "gamesRecorded": {"mains": 223, "avg": 3441}, "KDA": {"win": {"mains": 5.970596091151646, "avg": 5.225233414559826}, "lose": {"mains": 1.967051849333548, "avg": 1.6877348820407934}}, "gamesWon": {"mains": 135, "avg": 1625}}