{"unusedItems": {"mains": ["3003", "3800", "3004", "3065", "3040", "3068", "3290", "3512", "3025", "3124", "3050", "3085", "3190", "3742", "3932", "3152", "3726", "3146", "3116", "3504", "3708", "3143"], "avg": ["3800", "3068", "3290", "3050", "3190", "3742", "3932"]}, "itemUsage": {"mains": {"Banner of Command": 0.0023923444976076554, "Athene's Unholy Grail": 0.08373205741626795, "Zhonya's Hourglass": 0.5191387559808612, "Void Staff": 0.24162679425837322, "Rabadon's Deathcap": 0.3444976076555024, "Lich Bane": 0.7966507177033493, "Luden's Echo": 0.4904306220095694, "Morellonomicon": 0.24162679425837322, "Abyssal Scepter": 0.07177033492822966, "Thornmail": 0.0023923444976076554}, "avg": {"Guinsoo's Rageblade": 0.00020798668885191348, "Athene's Unholy Grail": 0.06593178036605657, "Zhonya's Hourglass": 0.43469217970049917, "Void Staff": 0.20049916805324458, "Rabadon's Deathcap": 0.314891846921797, "Lich Bane": 0.7302412645590682, "Luden's Echo": 0.5401414309484193, "Morellonomicon": 0.19259567387687188, "Ardent Censer": 0.00041597337770382697, "Abyssal Scepter": 0.05386855241264559}}, "totalDamageDealt": {"win": {"mains": 85.0938772027314, "avg": 78.68321208567106}, "lose": {"mains": 72.04739142893311, "avg": 63.307009651445604}}, "totalDamageToChampions": {"win": {"mains": 12.137509218974612, "avg": 11.896481634032684}, "lose": {"mains": 10.148022703253988, "avg": 9.661003328409471}}, "totalTimeCrowdControlDealt": {"win": {"mains": 0.14289050622453084, "avg": 0.14422848296881036}, "lose": {"mains": 0.12716920258870357, "avg": 0.13073055168716363}}, "gamesRecorded": {"mains": 418, "avg": 4808}, "KDA": {"win": {"mains": 6.479288078176963, "avg": 5.3490816581970195}, "lose": {"mains": 1.8242280188003868, "avg": 1.5478689823070078}}, "gamesWon": {"mains": 270, "avg": 2470}}