{"unusedItems": {"mains": ["3800", "3004", "3060", "3102", "3065", "3068", "3290", "3512", "3022", "3124", "3091", "3050", "3085", "3083", "3190", "3742", "3932", "3152", "3151", "3075", "3078", "3726", "3146", "3115", "3504", "3708", "3143", "3026"], "avg": ["3800", "3060", "3290", "3022", "3124", "3091", "3050", "3085", "3083", "3190", "3742", "3932", "3152", "3726", "3504"]}, "itemUsage": {"mains": {"Seraph's Embrace": 0.06, "Zhonya's Hourglass": 0.48, "Void Staff": 0.2, "Rabadon's Deathcap": 0.26, "Rod of Ages": 0.9733333333333334, "Luden's Echo": 0.36666666666666664, "Archangel's Staff": 0.013333333333333334, "Lich Bane": 0.10666666666666667, "Abyssal Scepter": 0.10666666666666667, "Rylai's Crystal Scepter": 0.006666666666666667}, "avg": {"Zhonya's Hourglass": 0.3507751937984496, "Void Staff": 0.14680232558139536, "Rabadon's Deathcap": 0.2543604651162791, "Rod of Ages": 0.8531976744186046, "Luden's Echo": 0.45203488372093026, "Zz'Rot Portal": 0.00048449612403100775, "Lich Bane": 0.1690891472868217, "Abyssal Scepter": 0.1119186046511628, "Nashor's Tooth": 0.00048449612403100775, "Seraph's Embrace": 0.07025193798449612}}, "totalDamageDealt": {"win": {"mains": 58.009109630857544, "avg": 53.47292584166188}, "lose": {"mains": 50.46279045369736, "avg": 42.380023550918054}}, "totalDamageToChampions": {"win": {"mains": 12.561259979452586, "avg": 11.123010093594349}, "lose": {"mains": 9.057824491047896, "avg": 8.329182328491193}}, "totalTimeCrowdControlDealt": {"win": {"mains": 0.09929666172498824, "avg": 0.10382675945695856}, "lose": {"mains": 0.08590653725293987, "avg": 0.09496809310580133}}, "gamesRecorded": {"mains": 150, "avg": 2064}, "KDA": {"win": {"mains": 5.8109134396805615, "avg": 5.93500500492083}, "lose": {"mains": 2.0802951017236726, "avg": 1.8502832556324833}}, "gamesWon": {"mains": 73, "avg": 912}}