{"unusedItems": {"mains": ["3800", "3060", "3102", "3065", "3068", "3290", "3512", "3022", "3124", "3091", "3050", "3085", "3083", "3190", "3742", "3932", "3152", "3151", "3075", "3078", "3726", "3146", "3115", "3504", "3708", "3110", "3143", "3026"], "avg": ["3800", "3060", "3068", "3290", "3512", "3022", "3091", "3085", "3190", "3742", "3932", "3726", "3504"]}, "itemUsage": {"mains": {"Mejai's Soulstealer": 0.012658227848101266, "Zhonya's Hourglass": 0.4810126582278481, "Void Staff": 0.10126582278481013, "Rabadon's Deathcap": 0.17721518987341772, "Rod of Ages": 0.9240506329113924, "Luden's Echo": 0.4050632911392405, "Lich Bane": 0.12658227848101267, "Athene's Unholy Grail": 0.012658227848101266, "Abyssal Scepter": 0.13924050632911392, "Seraph's Embrace": 0.08860759493670886}, "avg": {"Zhonya's Hourglass": 0.3508650519031142, "Void Staff": 0.10865051903114187, "Rabadon's Deathcap": 0.2422145328719723, "Rod of Ages": 0.8498269896193772, "Luden's Echo": 0.42629757785467126, "Lich Bane": 0.1972318339100346, "Abyssal Scepter": 0.10311418685121107, "Zeke's Harbinger": 0.0006920415224913495, "Warmog's Armor": 0.0006920415224913495, "Seraph's Embrace": 0.07058823529411765}}, "totalDamageDealt": {"win": {"mains": 59.05224364691126, "avg": 51.49830897660868}, "lose": {"mains": 45.06360295465251, "avg": 41.1498229482256}}, "totalDamageToChampions": {"win": {"mains": 11.616235240026898, "avg": 10.75061694645652}, "lose": {"mains": 8.903561856446245, "avg": 8.234498906337068}}, "totalTimeCrowdControlDealt": {"win": {"mains": 0.12034321390657894, "avg": 0.10956690737519528}, "lose": {"mains": 0.19885599834151166, "avg": 0.11201734662022161}}, "gamesRecorded": {"mains": 79, "avg": 1445}, "KDA": {"win": {"mains": 9.228884711779449, "avg": 5.778418294722165}, "lose": {"mains": 2.387400269107586, "avg": 1.7553148685703173}}, "gamesWon": {"mains": 38, "avg": 606}}