{"unusedItems": {"mains": ["3003", "3800", "3004", "3060", "3040", "3290", "3512", "3025", "3100", "3022", "3124", "3091", "3050", "3085", "3742", "3932", "3152", "3151", "3078", "3726", "3146", "3116", "3115", "3504", "3708"], "avg": ["3003", "3290", "3022", "3124", "3091", "3085", "3742", "3932", "3726", "3115"]}, "itemUsage": {"mains": {"Luden's Echo": 0.25757575757575757, "Athene's Unholy Grail": 0.7121212121212122, "Zhonya's Hourglass": 0.2878787878787879, "Rabadon's Deathcap": 0.25757575757575757, "Spirit Visage": 0.25757575757575757, "Frozen Heart": 0.09090909090909091, "Abyssal Scepter": 0.3484848484848485, "Thornmail": 0.15151515151515152, "Warmog's Armor": 0.015151515151515152, "Sunfire Cape": 0.015151515151515152}, "avg": {"Luden's Echo": 0.1748743718592965, "Athene's Unholy Grail": 0.6452261306532663, "Zhonya's Hourglass": 0.2050251256281407, "Rabadon's Deathcap": 0.1678391959798995, "Spirit Visage": 0.2371859296482412, "Ardent Censer": 0.0010050251256281408, "Zeke's Herald": 0.0010050251256281408, "Banshee's Veil": 0.0914572864321608, "Abyssal Scepter": 0.4291457286432161, "Thornmail": 0.10753768844221105}}, "totalDamageDealt": {"win": {"mains": 69.28747290865216, "avg": 63.510521611978206}, "lose": {"mains": 66.90847000866934, "avg": 53.94148258056858}}, "totalDamageToChampions": {"win": {"mains": 11.930960402692236, "avg": 10.74361497005573}, "lose": {"mains": 11.0419694434898, "avg": 8.911690042122435}}, "totalTimeCrowdControlDealt": {"win": {"mains": 0.3078245025446405, "avg": 0.30742247584544735}, "lose": {"mains": 0.28557324097118797, "avg": 0.267762429042237}}, "gamesRecorded": {"mains": 66, "avg": 995}, "KDA": {"win": {"mains": 8.75872483072483, "avg": 7.276605592440366}, "lose": {"mains": 2.307291666666667, "avg": 1.79327679849966}}, "gamesWon": {"mains": 50, "avg": 510}}