{"unusedItems": {"mains": ["3003", "3800", "3004", "3060", "3040", "3290", "3165", "3027", "3512", "3025", "3100", "3022", "3124", "3091", "3050", "3085", "3190", "3742", "3932", "3078", "3726", "3174", "3146", "3115", "3504", "3708", "3110"], "avg": ["3003", "3004", "3040", "3290", "3022", "3124", "3091", "3050", "3085", "3742", "3932", "3078", "3726", "3115", "3504"]}, "itemUsage": {"mains": {"Mejai's Soulstealer": 0.0024390243902439024, "Zhonya's Hourglass": 0.7121951219512195, "Void Staff": 0.24146341463414633, "Rabadon's Deathcap": 0.11707317073170732, "Luden's Echo": 0.03170731707317073, "Liandry's Torment": 0.7682926829268293, "Banshee's Veil": 0.01951219512195122, "Rylai's Crystal Scepter": 0.3195121951219512, "Warmog's Armor": 0.0024390243902439024, "Abyssal Scepter": 0.2975609756097561}, "avg": {"Athene's Unholy Grail": 0.0002370791844476055, "Zhonya's Hourglass": 0.6545756282598388, "Void Staff": 0.206733048838312, "Rabadon's Deathcap": 0.12707444286391656, "Luden's Echo": 0.027264106211474633, "Locket of the Iron Solari": 0.0002370791844476055, "Liandry's Torment": 0.7650545282124229, "Rylai's Crystal Scepter": 0.3060692271218587, "Guardian Angel": 0.014935988620199146, "Abyssal Scepter": 0.22901849217638692}}, "totalDamageDealt": {"win": {"mains": 65.80050012851983, "avg": 61.98474073293259}, "lose": {"mains": 55.39485002728953, "avg": 52.00773121492342}}, "totalDamageToChampions": {"win": {"mains": 13.491412022939803, "avg": 12.56307535272259}, "lose": {"mains": 10.957278405599263, "avg": 10.373284151002101}}, "totalTimeCrowdControlDealt": {"win": {"mains": 0.43947737582661245, "avg": 0.43025877749699304}, "lose": {"mains": 0.40013929512064167, "avg": 0.4213010504592104}}, "gamesRecorded": {"mains": 410, "avg": 4218}, "KDA": {"win": {"mains": 6.736010915314191, "avg": 5.656197031430212}, "lose": {"mains": 1.8349107886758487, "avg": 1.5779015171626314}}, "gamesWon": {"mains": 244, "avg": 2138}}