{"unusedItems": {"mains": ["3003", "3800", "3004", "3060", "3065", "3040", "3068", "3290", "3512", "3022", "3124", "3091", "3050", "3085", "3083", "3190", "3742", "3932", "3075", "3078", "3726", "3146", "3115", "3504", "3708", "3110", "3143"], "avg": ["3800", "3004", "3060", "3068", "3290", "3512", "3022", "3124", "3050", "3190", "3742", "3932", "3078", "3726", "3504"]}, "itemUsage": {"mains": {"Athene's Unholy Grail": 0.052995391705069124, "Zhonya's Hourglass": 0.31797235023041476, "Void Staff": 0.31797235023041476, "Rabadon's Deathcap": 0.5207373271889401, "Lich Bane": 0.16589861751152074, "Iceborn Gauntlet": 0.002304147465437788, "Luden's Echo": 0.5, "Morellonomicon": 0.2488479262672811, "Abyssal Scepter": 0.10368663594470046, "Guardian Angel": 0.004608294930875576}, "avg": {"Athene's Unholy Grail": 0.06665190434012401, "Zhonya's Hourglass": 0.28232949512843225, "Void Staff": 0.20859167404782994, "Rabadon's Deathcap": 0.4366696191319752, "Lich Bane": 0.20062001771479185, "Luden's Echo": 0.4550487156775908, "Enchantment: Magus": 0.00022143489813994686, "Morellonomicon": 0.20150575730735165, "Wit's End": 0.00022143489813994686, "Abyssal Scepter": 0.07794508414526129}}, "totalDamageDealt": {"win": {"mains": 84.53678821919053, "avg": 77.58180084007188}, "lose": {"mains": 74.47644666138176, "avg": 64.78812939178542}}, "totalDamageToChampions": {"win": {"mains": 14.406974040936934, "avg": 13.750222177045162}, "lose": {"mains": 12.577731760214752, "avg": 11.037914160007332}}, "totalTimeCrowdControlDealt": {"win": {"mains": 0.049783531479337916, "avg": 0.06626773711647654}, "lose": {"mains": 0.06614243540703056, "avg": 0.06889057986151387}}, "gamesRecorded": {"mains": 434, "avg": 4516}, "KDA": {"win": {"mains": 6.632142633008017, "avg": 6.060419011074374}, "lose": {"mains": 1.9987427136007259, "avg": 1.6346711797540765}}, "gamesWon": {"mains": 260, "avg": 2202}}