{"unusedItems": {"mains": ["3800", "3004", "3060", "3001", "3065", "3068", "3290", "3512", "3025", "3022", "3124", "3091", "3085", "3083", "3190", "3742", "3932", "3152", "3078", "3726", "3146", "3115", "3708", "3110", "3143", "3026"], "avg": ["3290", "3022", "3124", "3091", "3742", "3932"]}, "itemUsage": {"mains": {"Mejai's Soulstealer": 0.2357563850687623, "Zhonya's Hourglass": 0.3163064833005894, "Void Staff": 0.2593320235756385, "Rabadon's Deathcap": 0.5913555992141454, "Luden's Echo": 0.5834970530451866, "Morellonomicon": 0.3791748526522593, "Archangel's Staff": 0.0019646365422396855, "Athene's Unholy Grail": 0.46168958742632615, "Seraph's Embrace": 0.023575638506876228, "Thornmail": 0.0019646365422396855}, "avg": {"Mejai's Soulstealer": 0.2039907904834996, "Zhonya's Hourglass": 0.26630851880276285, "Void Staff": 0.16999232540291634, "Rabadon's Deathcap": 0.46653875671527245, "Luden's Echo": 0.5078280890253262, "Morellonomicon": 0.36876438986953186, "Enchantment: Devourer": 7.674597083653108e-05, "Athene's Unholy Grail": 0.3860322333077513, "Rylai's Crystal Scepter": 0.018726016884113583, "Runaan's Hurricane (Ranged Only)": 7.674597083653108e-05}}, "totalDamageDealt": {"win": {"mains": 68.5427893406967, "avg": 54.96149367846552}, "lose": {"mains": 61.724402259363416, "avg": 47.284988884685816}}, "totalDamageToChampions": {"win": {"mains": 12.88233409357083, "avg": 11.596686758451899}, "lose": {"mains": 11.226958233387105, "avg": 9.620594821886616}}, "totalTimeCrowdControlDealt": {"win": {"mains": 0.16577005394952804, "avg": 0.14675466070533127}, "lose": {"mains": 0.16687865652222433, "avg": 0.14659626996981776}}, "gamesRecorded": {"mains": 509, "avg": 13030}, "KDA": {"win": {"mains": 10.359173129188463, "avg": 8.275063483883883}, "lose": {"mains": 2.7962404777978547, "avg": 2.253171701598455}}, "gamesWon": {"mains": 326, "avg": 6724}}