{"unusedItems": {"mains": ["3003", "3800", "3004", "3060", "3065", "3040", "3068", "3290", "3512", "3022", "3124", "3091", "3050", "3085", "3190", "3742", "3932", "3152", "3078", "3146", "3504"], "avg": ["3004", "3290", "3022", "3050", "3085", "3742", "3932"]}, "itemUsage": {"mains": {"Athene's Unholy Grail": 0.0022624434389140274, "Zhonya's Hourglass": 0.6312217194570136, "Void Staff": 0.20588235294117646, "Rabadon's Deathcap": 0.4411764705882353, "Rod of Ages": 0.0746606334841629, "Luden's Echo": 0.43891402714932126, "Frozen Heart": 0.0022624434389140274, "Lich Bane": 0.24660633484162897, "Abyssal Scepter": 0.5520361990950227, "Nashor's Tooth": 0.083710407239819}, "avg": {"Zhonya's Hourglass": 0.5243157656638769, "Void Staff": 0.1810676317575209, "Rabadon's Deathcap": 0.43542185026012215, "Rod of Ages": 0.06163763854331599, "Luden's Echo": 0.3866772223478851, "Locket of the Iron Solari": 0.00022619316896629722, "Ardent Censer": 0.00011309658448314861, "Lich Bane": 0.39515946618412123, "Abyssal Scepter": 0.3473196109477494, "Nashor's Tooth": 0.19746663650757748}}, "totalDamageDealt": {"win": {"mains": 85.29017910169553, "avg": 79.37932944962654}, "lose": {"mains": 76.72502110046685, "avg": 65.12276963784383}}, "totalDamageToChampions": {"win": {"mains": 12.931728522355375, "avg": 12.664331516826728}, "lose": {"mains": 11.04211510764184, "avg": 10.204626620108991}}, "totalTimeCrowdControlDealt": {"win": {"mains": 0.094583609265957, "avg": 0.1208136273542989}, "lose": {"mains": 0.08182648909487518, "avg": 0.1056419510625967}}, "gamesRecorded": {"mains": 442, "avg": 8842}, "KDA": {"win": {"mains": 6.194784718957512, "avg": 5.621239276523157}, "lose": {"mains": 1.8224076308159363, "avg": 1.6467642455729656}}, "gamesWon": {"mains": 272, "avg": 4699}}