{"unusedItems": {"mains": ["3003", "3800", "3004", "3060", "3065", "3040", "3068", "3290", "3512", "3025", "3022", "3124", "3091", "3050", "3085", "3083", "3190", "3742", "3932", "3075", "3726", "3146", "3115", "3504", "3110", "3143"], "avg": ["3800", "3004", "3060", "3290", "3022", "3050", "3190", "3742", "3932", "3146", "3504"]}, "itemUsage": {"mains": {"Mejai's Soulstealer": 0.04265402843601896, "Zhonya's Hourglass": 0.27330173775671407, "Void Staff": 0.37598736176935227, "Rabadon's Deathcap": 0.4881516587677725, "Luden's Echo": 0.617693522906793, "Enchantment: Magus": 0.001579778830963665, "Will of the Ancients": 0.001579778830963665, "Morellonomicon": 0.7709320695102686, "Athene's Unholy Grail": 0.08846761453396525, "Abyssal Scepter": 0.12006319115323855}, "avg": {"Mejai's Soulstealer": 0.035430839002267574, "Zhonya's Hourglass": 0.29903628117913833, "Void Staff": 0.2518896447467876, "Rabadon's Deathcap": 0.4406651549508692, "Luden's Echo": 0.6354875283446711, "Morellonomicon": 0.6992630385487528, "Wit's End": 9.44822373393802e-05, "Athene's Unholy Grail": 0.07426303854875284, "Abyssal Scepter": 0.10619803476946334, "Nashor's Tooth": 9.44822373393802e-05}}, "totalDamageDealt": {"win": {"mains": 62.22469164679454, "avg": 51.589802054090654}, "lose": {"mains": 51.39928560318888, "avg": 42.391952218642935}}, "totalDamageToChampions": {"win": {"mains": 12.448134784220796, "avg": 11.289715373000144}, "lose": {"mains": 9.918428916914163, "avg": 8.815062138339515}}, "totalTimeCrowdControlDealt": {"win": {"mains": 0.048452845804616895, "avg": 0.05563945178098753}, "lose": {"mains": 0.05829146884456836, "avg": 0.05799295883692407}}, "gamesRecorded": {"mains": 633, "avg": 10584}, "KDA": {"win": {"mains": 6.882583931865083, "avg": 5.969974962056766}, "lose": {"mains": 2.106157752837439, "avg": 1.882235003642316}}, "gamesWon": {"mains": 313, "avg": 4708}}