{"unusedItems": {"mains": ["3800", "3004", "3060", "3102", "3068", "3290", "3285", "3512", "3025", "3100", "3022", "3124", "3091", "3050", "3085", "3083", "3190", "3742", "3932", "3075", "3078", "3726", "3146", "3115", "3504", "3708", "3110", "3143", "3026"], "avg": ["3004", "3060", "3290", "3512", "3100", "3022", "3124", "3091", "3085", "3190", "3742", "3932", "3078", "3726", "3115"]}, "itemUsage": {"mains": {"Mejai's Soulstealer": 0.005681818181818182, "Zhonya's Hourglass": 0.7670454545454546, "Void Staff": 0.056818181818181816, "Rabadon's Deathcap": 0.22727272727272727, "Rod of Ages": 0.9545454545454546, "Spirit Visage": 0.09659090909090909, "Morellonomicon": 0.005681818181818182, "Liandry's Torment": 0.25, "Abyssal Scepter": 0.10795454545454546, "Rylai's Crystal Scepter": 0.10227272727272728}, "avg": {"Enchantment: Runeglaive": 0.00026048450117218026, "Zhonya's Hourglass": 0.6655379004949206, "Void Staff": 0.06017191977077364, "Rabadon's Deathcap": 0.20916905444126074, "Rod of Ages": 0.9268038551706174, "Spirit Visage": 0.13102370408960667, "Ardent Censer": 0.00026048450117218026, "Liandry's Torment": 0.18937223235217504, "Abyssal Scepter": 0.08387600937744204, "Rylai's Crystal Scepter": 0.11252930450638186}}, "totalDamageDealt": {"win": {"mains": 59.529810953657574, "avg": 56.179666851991556}, "lose": {"mains": 48.684889951015585, "avg": 43.88306294068966}}, "totalDamageToChampions": {"win": {"mains": 13.499119662313, "avg": 13.563260404069508}, "lose": {"mains": 11.58917326718291, "avg": 10.410233094053217}}, "totalTimeCrowdControlDealt": {"win": {"mains": 0.2173790957400834, "avg": 0.20865372450281985}, "lose": {"mains": 0.15689653510386248, "avg": 0.18523422608303766}}, "gamesRecorded": {"mains": 176, "avg": 3839}, "KDA": {"win": {"mains": 6.556321011273841, "avg": 6.444032505648637}, "lose": {"mains": 1.8590680537949449, "avg": 1.641118704127789}}, "gamesWon": {"mains": 106, "avg": 2029}}