{"unusedItems": {"mains": ["3003", "3800", "3004", "3065", "3068", "3290", "3512", "3025", "3022", "3124", "3091", "3050", "3085", "3083", "3742", "3932", "3152", "3075", "3078", "3726", "3146", "3115", "3504", "3708", "3110", "3143"], "avg": ["3004", "3290", "3512", "3022", "3124", "3091", "3742", "3932", "3726", "3504"]}, "itemUsage": {"mains": {"Athene's Unholy Grail": 0.08866995073891626, "Zhonya's Hourglass": 0.3645320197044335, "Void Staff": 0.17733990147783252, "Rabadon's Deathcap": 0.30049261083743845, "Lich Bane": 0.0049261083743842365, "Luden's Echo": 0.3448275862068966, "Morellonomicon": 0.31527093596059114, "Liandry's Torment": 0.5960591133004927, "Banshee's Veil": 0.0049261083743842365, "Rylai's Crystal Scepter": 0.3842364532019704}, "avg": {"Enchantment: Runeglaive": 0.0001976284584980237, "Athene's Unholy Grail": 0.10098814229249012, "Zhonya's Hourglass": 0.3090909090909091, "Void Staff": 0.12885375494071147, "Rabadon's Deathcap": 0.3140316205533597, "Luden's Echo": 0.5294466403162056, "Morellonomicon": 0.266600790513834, "Liandry's Torment": 0.5715415019762846, "Randuin's Omen": 0.0001976284584980237, "Rylai's Crystal Scepter": 0.22509881422924902}}, "totalDamageDealt": {"win": {"mains": 61.68587327680157, "avg": 57.73856858108973}, "lose": {"mains": 57.24985118832619, "avg": 51.366954747124886}}, "totalDamageToChampions": {"win": {"mains": 14.197470271807168, "avg": 13.982050522028599}, "lose": {"mains": 13.36894918083209, "avg": 12.612890003041707}}, "totalTimeCrowdControlDealt": {"win": {"mains": 0.13235930128553572, "avg": 0.09334244175670738}, "lose": {"mains": 0.1317885210977642, "avg": 0.08609481823596088}}, "gamesRecorded": {"mains": 203, "avg": 5060}, "KDA": {"win": {"mains": 5.01462706113869, "avg": 5.180914521193797}, "lose": {"mains": 2.0252487399546224, "avg": 1.7660371799283856}}, "gamesWon": {"mains": 129, "avg": 2644}}