{"unusedItems": {"mains": ["3003", "3800", "3004", "3060", "3040", "3290", "3512", "3025", "3100", "3022", "3124", "3091", "3050", "3083", "3742", "3932", "3152", "3075", "3078", "3146", "3504", "3708", "3110", "3143"], "avg": ["3800", "3004", "3290", "3512", "3025", "3022", "3050", "3742", "3932", "3078", "3146", "3504"]}, "itemUsage": {"mains": {"Mejai's Soulstealer": 0.0016313213703099511, "Zhonya's Hourglass": 0.3964110929853181, "Void Staff": 0.3605220228384992, "Rabadon's Deathcap": 0.5106035889070146, "Luden's Echo": 0.4812398042414356, "Morellonomicon": 0.765089722675367, "Locket of the Iron Solari": 0.0016313213703099511, "Athene's Unholy Grail": 0.20717781402936378, "Abyssal Scepter": 0.0636215334420881, "Nashor's Tooth": 0.08809135399673736}, "avg": {"Athene's Unholy Grail": 0.2534784159828755, "Zhonya's Hourglass": 0.3688904744916161, "Void Staff": 0.25383517659650373, "Rabadon's Deathcap": 0.4323938637174456, "Luden's Echo": 0.3681769532643596, "Enchantment: Magus": 0.00017838030681412772, "Morellonomicon": 0.6632179807349269, "Locket of the Iron Solari": 0.00035676061362825543, "Rylai's Crystal Scepter": 0.06171958615768819, "Nashor's Tooth": 0.17356403853014626}}, "totalDamageDealt": {"win": {"mains": 84.75991348997101, "avg": 78.09745642974205}, "lose": {"mains": 74.751937020452, "avg": 63.455040790054746}}, "totalDamageToChampions": {"win": {"mains": 13.780020553107052, "avg": 13.13550222371871}, "lose": {"mains": 11.936592241771137, "avg": 10.279498012260916}}, "totalTimeCrowdControlDealt": {"win": {"mains": 0.10566308317034213, "avg": 0.11420992208623462}, "lose": {"mains": 0.10201282887513256, "avg": 0.11138586639151264}}, "gamesRecorded": {"mains": 613, "avg": 5606}, "KDA": {"win": {"mains": 5.317667867170709, "avg": 4.843643188847148}, "lose": {"mains": 1.6738166920976254, "avg": 1.4204994123542374}}, "gamesWon": {"mains": 352, "avg": 2508}}