{"unusedItems": {"mains": ["3800", "3004", "3060", "3065", "3068", "3290", "3512", "3025", "3022", "3124", "3091", "3050", "3085", "3083", "3190", "3742", "3932", "3078", "3726", "3146", "3504", "3708", "3110", "3143"], "avg": ["3065", "3068", "3290", "3022", "3124", "3091", "3085", "3742", "3932", "3726", "3143"]}, "itemUsage": {"mains": {"Mejai's Soulstealer": 0.002857142857142857, "Zhonya's Hourglass": 0.4714285714285714, "Void Staff": 0.3342857142857143, "Rabadon's Deathcap": 0.6028571428571429, "Luden's Echo": 0.2257142857142857, "Morellonomicon": 0.2542857142857143, "Athene's Unholy Grail": 0.6257142857142857, "Rylai's Crystal Scepter": 0.08285714285714285, "Thornmail": 0.002857142857142857, "Seraph's Embrace": 0.13714285714285715}, "avg": {"Athene's Unholy Grail": 0.5823576583801122, "Zhonya's Hourglass": 0.4211708099438653, "Void Staff": 0.23159582999198075, "Rabadon's Deathcap": 0.5276663993584603, "Morellonomicon": 0.16311146752205294, "Luden's Echo": 0.21010425020048115, "Trinity Force": 0.00016038492381716118, "Zz'Rot Portal": 0.00016038492381716118, "Rylai's Crystal Scepter": 0.08067361668003208, "Seraph's Embrace": 0.23480352846832397}}, "totalDamageDealt": {"win": {"mains": 79.36577049120335, "avg": 71.44926567448061}, "lose": {"mains": 69.59117088410052, "avg": 59.02943701715296}}, "totalDamageToChampions": {"win": {"mains": 11.369339209555337, "avg": 10.828743221423464}, "lose": {"mains": 9.739673843301034, "avg": 8.565294049865775}}, "totalTimeCrowdControlDealt": {"win": {"mains": 0.6124568916362225, "avg": 0.635413567005793}, "lose": {"mains": 0.6240478683755311, "avg": 0.6631058095295596}}, "gamesRecorded": {"mains": 350, "avg": 6235}, "KDA": {"win": {"mains": 7.221659113455988, "avg": 7.2509279306232255}, "lose": {"mains": 2.254493994050956, "avg": 1.876903893105138}}, "gamesWon": {"mains": 192, "avg": 2873}}