{"unusedItems": {"mains": ["3003", "3800", "3004", "3065", "3040", "3290", "3512", "3025", "3022", "3124", "3091", "3050", "3085", "3190", "3742", "3932", "3152", "3075", "3078", "3726", "3146", "3115", "3504", "3708", "3110", "3143", "3026"], "avg": ["3290", "3124", "3091", "3050", "3742", "3932", "3726", "3146"]}, "itemUsage": {"mains": {"Luden's Echo": 0.24778761061946902, "Athene's Unholy Grail": 0.10619469026548672, "Zhonya's Hourglass": 0.7787610619469026, "Void Staff": 0.3274336283185841, "Rabadon's Deathcap": 0.504424778761062, "Sunfire Cape": 0.008849557522123894, "Morellonomicon": 0.5398230088495575, "Rylai's Crystal Scepter": 0.11504424778761062, "Banner of Command": 0.09734513274336283, "Warmog's Armor": 0.008849557522123894}, "avg": {"Athene's Unholy Grail": 0.08125145925752977, "Zhonya's Hourglass": 0.8508055101564324, "Void Staff": 0.24048564090590707, "Rabadon's Deathcap": 0.4634601914545879, "Luden's Echo": 0.21526967079150128, "Morellonomicon": 0.4270371235115573, "Ardent Censer": 0.00023348120476301658, "Frozen Mallet": 0.00023348120476301658, "Liandry's Torment": 0.126780294186318, "Rylai's Crystal Scepter": 0.14475834695307027}}, "totalDamageDealt": {"win": {"mains": 80.01960660903454, "avg": 73.31038868052191}, "lose": {"mains": 71.6788165876534, "avg": 61.18303644432184}}, "totalDamageToChampions": {"win": {"mains": 14.04150276066602, "avg": 14.252743414004083}, "lose": {"mains": 12.90690777789299, "avg": 12.142002798889315}}, "totalTimeCrowdControlDealt": {"win": {"mains": 0.10132213717215459, "avg": 0.1002543645742203}, "lose": {"mains": 0.11252010628833954, "avg": 0.09901477801594352}}, "gamesRecorded": {"mains": 113, "avg": 4283}, "KDA": {"win": {"mains": 6.195314504168671, "avg": 4.548448330179738}, "lose": {"mains": 1.813659951159951, "avg": 1.4120612181333227}}, "gamesWon": {"mains": 72, "avg": 2279}}