{"unusedItems": {"mains": ["3800", "3004", "3060", "3068", "3290", "3512", "3025", "3100", "3022", "3124", "3091", "3050", "3085", "3083", "3190", "3742", "3932", "3152", "3078", "3726", "3146", "3115", "3504", "3708", "3110"], "avg": ["3060", "3290", "3022", "3124", "3091", "3742", "3932", "3726"]}, "itemUsage": {"mains": {"Mejai's Soulstealer": 0.00546448087431694, "Zhonya's Hourglass": 0.2568306010928962, "Void Staff": 0.23497267759562843, "Rabadon's Deathcap": 0.366120218579235, "Rod of Ages": 0.8907103825136612, "Spirit Visage": 0.00546448087431694, "Archangel's Staff": 0.06557377049180328, "Liandry's Torment": 0.2677595628415301, "Athene's Unholy Grail": 0.12568306010928962, "Seraph's Embrace": 0.44808743169398907}, "avg": {"Enchantment: Runeglaive": 0.0004510599909788002, "Athene's Unholy Grail": 0.11231393775372124, "Zhonya's Hourglass": 0.2552999548940009, "Void Staff": 0.16508795669824086, "Rabadon's Deathcap": 0.3342354533152909, "Rod of Ages": 0.8254397834912043, "Ardent Censer": 0.0004510599909788002, "Archangel's Staff": 0.11186287776274244, "Liandry's Torment": 0.21921515561569688, "Seraph's Embrace": 0.4167794316644114}}, "totalDamageDealt": {"win": {"mains": 77.37474029825093, "avg": 69.32622355242266}, "lose": {"mains": 72.2311652287379, "avg": 61.443784769687}}, "totalDamageToChampions": {"win": {"mains": 13.146517853862095, "avg": 12.232550636325113}, "lose": {"mains": 11.384915936462727, "avg": 10.374876913116521}}, "totalTimeCrowdControlDealt": {"win": {"mains": 1.9862098535396533, "avg": 1.735932249918789}, "lose": {"mains": 1.9758016784540062, "avg": 1.713163673091966}}, "gamesRecorded": {"mains": 183, "avg": 2217}, "KDA": {"win": {"mains": 9.816187341187343, "avg": 8.57353528573975}, "lose": {"mains": 2.4105930335097003, "avg": 2.1591558936979482}}, "gamesWon": {"mains": 111, "avg": 1142}}