{"unusedItems": {"mains": ["3800", "3004", "3060", "3102", "3065", "3068", "3290", "3512", "3100", "3022", "3124", "3091", "3050", "3085", "3083", "3190", "3742", "3932", "3152", "3075", "3078", "3726", "3146", "3115", "3504", "3708", "3110", "3143"], "avg": ["3004", "3068", "3290", "3022", "3124", "3091", "3050", "3085", "3742", "3932", "3078", "3726", "3146", "3708"]}, "itemUsage": {"mains": {"Athene's Unholy Grail": 0.25316455696202533, "Zhonya's Hourglass": 0.24050632911392406, "Void Staff": 0.310126582278481, "Rabadon's Deathcap": 0.2974683544303797, "Iceborn Gauntlet": 0.006329113924050633, "Luden's Echo": 0.46835443037974683, "Morellonomicon": 0.45569620253164556, "Archangel's Staff": 0.006329113924050633, "Liandry's Torment": 0.3860759493670886, "Rylai's Crystal Scepter": 0.11392405063291139}, "avg": {"Luden's Echo": 0.46822498173849525, "Athene's Unholy Grail": 0.3148283418553689, "Zhonya's Hourglass": 0.2512783053323594, "Void Staff": 0.22571219868517164, "Rabadon's Deathcap": 0.3528122717311907, "Spirit Visage": 0.0003652300949598247, "Morellonomicon": 0.38714390065741416, "Ardent Censer": 0.0003652300949598247, "Liandry's Torment": 0.20598977355734113, "Rylai's Crystal Scepter": 0.11650840029218408}}, "totalDamageDealt": {"win": {"mains": 62.51547677360549, "avg": 58.56780736298677}, "lose": {"mains": 56.61737161105962, "avg": 51.796113638827954}}, "totalDamageToChampions": {"win": {"mains": 13.978153818166867, "avg": 12.999789555536479}, "lose": {"mains": 12.851489204383244, "avg": 11.299577135413024}}, "totalTimeCrowdControlDealt": {"win": {"mains": 0.17271316683968022, "avg": 0.17222724865952949}, "lose": {"mains": 0.1503022002217734, "avg": 0.1694141365626117}}, "gamesRecorded": {"mains": 158, "avg": 2738}, "KDA": {"win": {"mains": 8.248447646103896, "avg": 6.479502131664788}, "lose": {"mains": 2.149527493906051, "avg": 1.9008794488450491}}, "gamesWon": {"mains": 96, "avg": 1359}}