{"unusedItems": {"mains": ["3003", "3800", "3004", "3060", "3065", "3040", "3290", "3165", "3027", "3512", "3025", "3100", "3022", "3124", "3091", "3050", "3085", "3083", "3190", "3742", "3932", "3075", "3078", "3726", "3174", "3115", "3504", "3708", "3110"], "avg": ["3003", "3800", "3004", "3040", "3290", "3025", "3124", "3091", "3050", "3085", "3190", "3742", "3932", "3110"]}, "itemUsage": {"mains": {"Mejai's Soulstealer": 0.06015037593984962, "Zhonya's Hourglass": 0.6672932330827067, "Void Staff": 0.35150375939849626, "Rabadon's Deathcap": 0.4041353383458647, "Luden's Echo": 0.8402255639097744, "Will of the Ancients": 0.0018796992481203006, "Liandry's Torment": 0.045112781954887216, "Randuin's Omen": 0.0018796992481203006, "Abyssal Scepter": 0.3308270676691729, "Rylai's Crystal Scepter": 0.03195488721804511}, "avg": {"Zhonya's Hourglass": 0.6069541323187487, "Void Staff": 0.2642147537518495, "Rabadon's Deathcap": 0.42654829845698583, "Luden's Echo": 0.8266751215387868, "Hextech Gunblade": 0.04755865567533291, "Ardent Censer": 0.0001056859015007398, "Liandry's Torment": 0.09258084971464807, "Abyssal Scepter": 0.25649968294229547, "Nashor's Tooth": 0.0001056859015007398, "Rylai's Crystal Scepter": 0.07577679137603044}}, "totalDamageDealt": {"win": {"mains": 68.29328209951514, "avg": 64.78619201439211}, "lose": {"mains": 58.52554697399637, "avg": 53.3126995716071}}, "totalDamageToChampions": {"win": {"mains": 13.216302848236182, "avg": 13.029595365148502}, "lose": {"mains": 10.264283411808151, "avg": 9.69960430538929}}, "totalTimeCrowdControlDealt": {"win": {"mains": 0.02002342335872018, "avg": 0.04542692267643926}, "lose": {"mains": 0.007686604053490976, "avg": 0.03933004524483551}}, "gamesRecorded": {"mains": 532, "avg": 9462}, "KDA": {"win": {"mains": 5.720533262278022, "avg": 4.916071466006009}, "lose": {"mains": 1.7818955334071618, "avg": 1.582354937629079}}, "gamesWon": {"mains": 317, "avg": 4703}}