{"unusedItems": {"mains": ["3003", "3800", "3004", "3060", "3065", "3040", "3068", "3290", "3512", "3025", "3100", "3022", "3124", "3091", "3050", "3085", "3083", "3190", "3742", "3932", "3152", "3075", "3078", "3726", "3146", "3115", "3504", "3708", "3143", "3026"], "avg": ["3004", "3060", "3290", "3025", "3022", "3124", "3091", "3050", "3085", "3742", "3932", "3726", "3146"]}, "itemUsage": {"mains": {"Mejai's Soulstealer": 0.005154639175257732, "Zhonya's Hourglass": 0.30927835051546393, "Void Staff": 0.26288659793814434, "Rabadon's Deathcap": 0.3865979381443299, "Luden's Echo": 0.5360824742268041, "Morellonomicon": 0.29381443298969073, "Frozen Heart": 0.005154639175257732, "Liandry's Torment": 0.5360824742268041, "Athene's Unholy Grail": 0.11855670103092783, "Rylai's Crystal Scepter": 0.26804123711340205}, "avg": {"Athene's Unholy Grail": 0.11873664212776062, "Zhonya's Hourglass": 0.30301591071004513, "Void Staff": 0.18689147470909523, "Rabadon's Deathcap": 0.3540726668249822, "Luden's Echo": 0.5613868439800522, "Morellonomicon": 0.2849679411066255, "Ardent Censer": 0.00023747328425552126, "Liandry's Torment": 0.5100926145808596, "Rylai's Crystal Scepter": 0.18142958917121824, "Nashor's Tooth": 0.00023747328425552126}}, "totalDamageDealt": {"win": {"mains": 64.10712714965412, "avg": 59.25379189292376}, "lose": {"mains": 57.140256823009686, "avg": 52.30600243665013}}, "totalDamageToChampions": {"win": {"mains": 14.605020523377986, "avg": 14.305375975194462}, "lose": {"mains": 13.380712498156639, "avg": 12.528343395318455}}, "totalTimeCrowdControlDealt": {"win": {"mains": 0.0741565473031359, "avg": 0.06826933132596402}, "lose": {"mains": 0.07456953722479193, "avg": 0.06314766925464486}}, "gamesRecorded": {"mains": 194, "avg": 4211}, "KDA": {"win": {"mains": 5.056947366093708, "avg": 5.02207707075619}, "lose": {"mains": 1.9670946815313024, "avg": 1.7340583858095793}}, "gamesWon": {"mains": 123, "avg": 2182}}