{"unusedItems": {"mains": ["3003", "3800", "3004", "3060", "3041", "3040", "3068", "3290", "3165", "3027", "3025", "3022", "3124", "3091", "3050", "3085", "3190", "3742", "3932", "3078", "3726", "3174", "3504", "3110", "3026"], "avg": ["3003", "3004", "3040", "3290", "3091", "3085", "3190", "3742", "3932", "3726", "3504"]}, "itemUsage": {"mains": {"Zhonya's Hourglass": 0.41414141414141414, "Void Staff": 0.13131313131313133, "Rabadon's Deathcap": 0.42424242424242425, "Luden's Echo": 0.1414141414141414, "Will of the Ancients": 0.6868686868686869, "Liandry's Torment": 0.23232323232323232, "Banshee's Veil": 0.010101010101010102, "Abyssal Scepter": 0.16161616161616163, "Warmog's Armor": 0.010101010101010102, "Rylai's Crystal Scepter": 0.40404040404040403}, "avg": {"Athene's Unholy Grail": 0.0004192872117400419, "Zhonya's Hourglass": 0.3266247379454927, "Rabadon's Deathcap": 0.3584905660377358, "Luden's Echo": 0.12536687631027255, "Will of the Ancients": 0.7710691823899372, "Hextech Gunblade": 0.09433962264150944, "Liandry's Torment": 0.279664570230608, "Abyssal Scepter": 0.1371069182389937, "Zeke's Harbinger": 0.0004192872117400419, "Rylai's Crystal Scepter": 0.36268343815513626}}, "totalDamageDealt": {"win": {"mains": 95.53581026481619, "avg": 85.33329425781982}, "lose": {"mains": 74.15995630924562, "avg": 71.4283491355562}}, "totalDamageToChampions": {"win": {"mains": 13.138903322418376, "avg": 12.659909059226239}, "lose": {"mains": 10.244863020224514, "avg": 10.391198902387524}}, "totalTimeCrowdControlDealt": {"win": {"mains": 0.12665210279946193, "avg": 0.17011117493798658}, "lose": {"mains": 0.12072046187586795, "avg": 0.13683985193688042}}, "gamesRecorded": {"mains": 99, "avg": 2385}, "KDA": {"win": {"mains": 5.197194089435468, "avg": 4.70468646691473}, "lose": {"mains": 1.5194035300742617, "avg": 1.4462568287166584}}, "gamesWon": {"mains": 58, "avg": 1196}}