{"unusedItems": {"mains": ["3003", "3004", "3040", "3290", "3025", "3100", "3022", "3124", "3091", "3085", "3742", "3932", "3078", "3726", "3146", "3115", "3708"], "avg": ["3290", "3124", "3742", "3932", "3726"]}, "itemUsage": {"mains": {"Zhonya's Hourglass": 0.693069306930693, "Rabadon's Deathcap": 0.1456859971711457, "Rod of Ages": 0.07920792079207921, "Luden's Echo": 0.07213578500707214, "Will of the Ancients": 0.0014144271570014145, "Morellonomicon": 0.13012729844413012, "Locket of the Iron Solari": 0.0876944837340877, "Abyssal Scepter": 0.07072135785007072, "Warmog's Armor": 0.0014144271570014145, "Rylai's Crystal Scepter": 0.07355021216407355}, "avg": {"Zhonya's Hourglass": 0.7136657139832752, "Void Staff": 0.047740023287816236, "Rabadon's Deathcap": 0.172594474436329, "Rod of Ages": 0.06959881443844607, "Luden's Echo": 0.06779930136551286, "Morellonomicon": 0.15306446490949507, "Frozen Mallet": 5.292685508627077e-05, "Wit's End": 5.292685508627077e-05, "Abyssal Scepter": 0.05933100455170954, "Rylai's Crystal Scepter": 0.10368370911400444}}, "totalDamageDealt": {"win": {"mains": 29.854063909487405, "avg": 27.994347245195218}, "lose": {"mains": 28.012976541718462, "avg": 23.79037543116447}}, "totalDamageToChampions": {"win": {"mains": 7.628638854398848, "avg": 7.614538333183808}, "lose": {"mains": 6.8529743484777335, "avg": 6.497167980306452}}, "totalTimeCrowdControlDealt": {"win": {"mains": 0.10339339039525483, "avg": 0.10892259958823752}, "lose": {"mains": 0.09551783786089774, "avg": 0.1054533710293196}}, "gamesRecorded": {"mains": 707, "avg": 18894}, "KDA": {"win": {"mains": 7.6096372880220855, "avg": 6.622795365913127}, "lose": {"mains": 2.129023870457437, "avg": 1.821057896871996}}, "gamesWon": {"mains": 421, "avg": 9448}}