{"unusedItems": {"mains": ["3003", "3800", "3004", "3102", "3065", "3068", "3290", "3512", "3022", "3124", "3091", "3050", "3085", "3083", "3190", "3742", "3932", "3152", "3075", "3078", "3726", "3146", "3504", "3110", "3143"], "avg": ["3800", "3004", "3065", "3290", "3022", "3124", "3091", "3085", "3083", "3190", "3742", "3932", "3078", "3146", "3504", "3110"]}, "itemUsage": {"mains": {"Enchantment: Runeglaive": 0.005376344086021506, "Athene's Unholy Grail": 0.5268817204301075, "Zhonya's Hourglass": 0.3064516129032258, "Void Staff": 0.3655913978494624, "Rabadon's Deathcap": 0.5591397849462365, "Lich Bane": 0.06989247311827956, "Luden's Echo": 0.6612903225806451, "Morellonomicon": 0.3548387096774194, "Seraph's Embrace": 0.04838709677419355, "Banner of Command": 0.005376344086021506}, "avg": {"Athene's Unholy Grail": 0.5160390516039052, "Zhonya's Hourglass": 0.301952580195258, "Void Staff": 0.2203626220362622, "Rabadon's Deathcap": 0.5219665271966527, "Lich Bane": 0.11750348675034868, "Luden's Echo": 0.5819386331938633, "Morellonomicon": 0.3113668061366806, "Randuin's Omen": 0.0003486750348675035, "Seraph's Embrace": 0.03940027894002789, "Nashor's Tooth": 0.0003486750348675035}}, "totalDamageDealt": {"win": {"mains": 88.3947619184032, "avg": 80.5716764859286}, "lose": {"mains": 81.3772228798613, "avg": 69.45351867472044}}, "totalDamageToChampions": {"win": {"mains": 14.898361881305027, "avg": 13.538714610499405}, "lose": {"mains": 12.240079953856656, "avg": 11.633805337142554}}, "totalTimeCrowdControlDealt": {"win": {"mains": 0.22196243402874918, "avg": 0.22788631531083148}, "lose": {"mains": 0.25826363255340573, "avg": 0.2216649542942545}}, "gamesRecorded": {"mains": 186, "avg": 2868}, "KDA": {"win": {"mains": 7.8717068197502975, "avg": 6.7098361655075465}, "lose": {"mains": 2.1832489497982452, "avg": 1.8899848384882354}}, "gamesWon": {"mains": 115, "avg": 1422}}