{"unusedItems": {"mains": ["3003", "3800", "3004", "3060", "3065", "3040", "3068", "3290", "3512", "3025", "3100", "3124", "3091", "3050", "3085", "3083", "3190", "3742", "3932", "3078", "3174", "3146", "3115", "3504", "3143", "3026"], "avg": ["3004", "3290", "3512", "3124", "3091", "3742", "3932", "3115"]}, "itemUsage": {"mains": {"Enchantment: Runeglaive": 0.3114754098360656, "Mejai's Soulstealer": 0.00546448087431694, "Zhonya's Hourglass": 0.8961748633879781, "Void Staff": 0.16939890710382513, "Rabadon's Deathcap": 0.33879781420765026, "Morellonomicon": 0.08196721311475409, "Frozen Heart": 0.00546448087431694, "Liandry's Torment": 0.12021857923497267, "Abyssal Scepter": 0.22404371584699453, "Rylai's Crystal Scepter": 0.09836065573770492}, "avg": {"Enchantment: Runeglaive": 0.3603142076502732, "Zhonya's Hourglass": 0.8452868852459017, "Void Staff": 0.12465846994535519, "Rabadon's Deathcap": 0.31864754098360654, "Luden's Echo": 0.07103825136612021, "Trinity Force": 0.00034153005464480874, "Ardent Censer": 0.00034153005464480874, "Liandry's Torment": 0.1871584699453552, "Abyssal Scepter": 0.125, "Rylai's Crystal Scepter": 0.14617486338797814}}, "totalDamageDealt": {"win": {"mains": 69.20971989751781, "avg": 62.71858740579598}, "lose": {"mains": 57.844054299246395, "avg": 51.86145133958031}}, "totalDamageToChampions": {"win": {"mains": 8.635383780340158, "avg": 8.703817610421648}, "lose": {"mains": 8.228042168560615, "avg": 7.7172018500979815}}, "totalTimeCrowdControlDealt": {"win": {"mains": 0.22277558878987783, "avg": 0.24339217358321227}, "lose": {"mains": 0.199052276719495, "avg": 0.21668125756106116}}, "gamesRecorded": {"mains": 183, "avg": 2928}, "KDA": {"win": {"mains": 6.534519595150436, "avg": 5.361666244390266}, "lose": {"mains": 1.7831513526463219, "avg": 1.5459269445694521}}, "gamesWon": {"mains": 107, "avg": 1498}}