{"unusedItems": {"mains": ["3003", "3004", "3060", "3040", "3290", "3512", "3124", "3050", "3085", "3190", "3742", "3932", "3152", "3504"], "avg": ["3290", "3085", "3742", "3932"]}, "itemUsage": {"mains": {"Righteous Glory": 0.001597444089456869, "Void Staff": 0.21565495207667731, "Rabadon's Deathcap": 0.24600638977635783, "Lich Bane": 0.6405750798722045, "Luden's Echo": 0.15814696485623003, "Trinity Force": 0.09744408945686901, "Morellonomicon": 0.3194888178913738, "Frozen Mallet": 0.001597444089456869, "Abyssal Scepter": 0.0878594249201278, "Zhonya's Hourglass": 0.5654952076677316}, "avg": {"Zhonya's Hourglass": 0.5270517889864018, "Void Staff": 0.16906162600057864, "Rabadon's Deathcap": 0.304850998167615, "Lich Bane": 0.7005497154981194, "Luden's Echo": 0.19741537274568424, "Trinity Force": 0.08110714630147556, "Morellonomicon": 0.203587616935095, "Ardent Censer": 9.644131545954287e-05, "Zeke's Herald": 9.644131545954287e-05, "Abyssal Scepter": 0.05362137139550584}}, "totalDamageDealt": {"win": {"mains": 64.55121277023196, "avg": 56.076482202956086}, "lose": {"mains": 53.692022618279886, "avg": 43.99151071955856}}, "totalDamageToChampions": {"win": {"mains": 11.217526386014145, "avg": 11.120345975179443}, "lose": {"mains": 9.40866423894469, "avg": 8.765535565223086}}, "totalTimeCrowdControlDealt": {"win": {"mains": 0.21701470733940384, "avg": 0.17670657347496901}, "lose": {"mains": 0.18578580149871246, "avg": 0.16195336590100118}}, "gamesRecorded": {"mains": 626, "avg": 10369}, "KDA": {"win": {"mains": 5.330579552937277, "avg": 5.021820186282764}, "lose": {"mains": 2.0220099240298373, "avg": 1.6659794115575308}}, "gamesWon": {"mains": 369, "avg": 5157}}