{"unusedItems": {"mains": ["3003", "3004", "3065", "3068", "3290", "3512", "3025", "3022", "3124", "3091", "3050", "3085", "3083", "3742", "3932", "3146", "3115", "3504", "3708", "3143"], "avg": ["3290", "3022", "3124", "3091", "3085", "3742", "3932", "3115"]}, "itemUsage": {"mains": {"Zhonya's Hourglass": 0.3983402489626556, "Void Staff": 0.30013831258644535, "Rabadon's Deathcap": 0.4107883817427386, "Rod of Ages": 0.30013831258644535, "Luden's Echo": 0.5767634854771784, "Trinity Force": 0.0013831258644536654, "Morellonomicon": 0.2033195020746888, "Abyssal Scepter": 0.08437067773167359, "Thornmail": 0.0013831258644536654, "Rylai's Crystal Scepter": 0.07330567081604426}, "avg": {"Zhonya's Hourglass": 0.3253109789075176, "Void Staff": 0.18555976203353164, "Rabadon's Deathcap": 0.3922120064899946, "Rod of Ages": 0.4828015143320714, "Luden's Echo": 0.5233098972417523, "Enchantment: Magus": 0.00016224986479177934, "Morellonomicon": 0.18848025959978368, "Manamune": 5.4083288263926445e-05, "Abyssal Scepter": 0.05094645754461871, "Rylai's Crystal Scepter": 0.08236884802595998}}, "totalDamageDealt": {"win": {"mains": 57.3891974512694, "avg": 51.55667360820735}, "lose": {"mains": 48.65485408702563, "avg": 39.84242415980632}}, "totalDamageToChampions": {"win": {"mains": 12.100900090540945, "avg": 11.806641173361488}, "lose": {"mains": 10.438761303142146, "avg": 9.180967800977186}}, "totalTimeCrowdControlDealt": {"win": {"mains": 0.0848941162522855, "avg": 0.07865439635554969}, "lose": {"mains": 0.06738126060917761, "avg": 0.06831632368142436}}, "gamesRecorded": {"mains": 723, "avg": 18490}, "KDA": {"win": {"mains": 5.572319837732368, "avg": 5.165730376423145}, "lose": {"mains": 1.93416958201441, "avg": 1.5827489264345298}}, "gamesWon": {"mains": 462, "avg": 9603}}