{"unusedItems": {"mains": ["3003", "3004", "3040", "3290", "3512", "3100", "3022", "3050", "3085", "3742", "3932", "3152", "3078", "3726", "3174", "3146", "3115", "3504"], "avg": ["3290", "3742", "3932", "3504"]}, "itemUsage": {"mains": {"Randuin's Omen": 0.2033898305084746, "Enchantment: Runeglaive": 0.32929782082324455, "Iceborn Gauntlet": 0.0012106537530266344, "Banshee's Veil": 0.10048426150121065, "Frozen Heart": 0.2360774818401937, "Locket of the Iron Solari": 0.11016949152542373, "Liandry's Torment": 0.463680387409201, "Wit's End": 0.0012106537530266344, "Rylai's Crystal Scepter": 0.41041162227602906, "Abyssal Scepter": 0.22760290556900725}, "avg": {"Enchantment: Runeglaive": 0.3609129814550642, "Sunfire Cape": 0.10841654778887304, "Randuin's Omen": 0.13295292439372325, "Frozen Heart": 0.21126961483594864, "Locket of the Iron Solari": 0.08616262482168331, "Frozen Mallet": 0.0001426533523537803, "Liandry's Torment": 0.5216833095577746, "Manamune": 0.0001426533523537803, "Rylai's Crystal Scepter": 0.3690442225392297, "Abyssal Scepter": 0.22239657631954352}}, "totalDamageDealt": {"win": {"mains": 77.31492355482172, "avg": 74.14369595836266}, "lose": {"mains": 63.37470307097984, "avg": 60.32674871779569}}, "totalDamageToChampions": {"win": {"mains": 10.100118664483926, "avg": 9.800628120993101}, "lose": {"mains": 9.008675711136185, "avg": 8.455972782244194}}, "totalTimeCrowdControlDealt": {"win": {"mains": 0.33754646071808964, "avg": 0.31432785667731805}, "lose": {"mains": 0.2981694602062852, "avg": 0.2690714778387735}}, "gamesRecorded": {"mains": 826, "avg": 7010}, "KDA": {"win": {"mains": 6.52589702617951, "avg": 5.7938769354325546}, "lose": {"mains": 1.9662402757318012, "avg": 1.7330484587440411}}, "gamesWon": {"mains": 531, "avg": 3741}}