{"unusedItems": {"mains": ["3003", "3800", "3004", "3060", "3065", "3068", "3290", "3512", "3025", "3022", "3124", "3091", "3050", "3085", "3083", "3190", "3742", "3932", "3152", "3075", "3078", "3726", "3146", "3115", "3504", "3708", "3110", "3143"], "avg": ["3800", "3004", "3060", "3068", "3290", "3512", "3022", "3124", "3091", "3085", "3083", "3190", "3742", "3932", "3075", "3078", "3726", "3146", "3504", "3708", "3110"]}, "itemUsage": {"mains": {"Athene's Unholy Grail": 0.5933333333333334, "Zhonya's Hourglass": 0.42, "Void Staff": 0.28, "Rabadon's Deathcap": 0.6133333333333333, "Rylai's Crystal Scepter": 0.07333333333333333, "Luden's Echo": 0.5133333333333333, "Morellonomicon": 0.32666666666666666, "Liandry's Torment": 0.03333333333333333, "Abyssal Scepter": 0.006666666666666667, "Seraph's Embrace": 0.006666666666666667}, "avg": {"Athene's Unholy Grail": 0.5150339476236664, "Zhonya's Hourglass": 0.39427740058195926, "Void Staff": 0.20999030067895247, "Rabadon's Deathcap": 0.501454898157129, "Rod of Ages": 0.029582929194956354, "Iceborn Gauntlet": 0.00048496605237633366, "Luden's Echo": 0.5164888457807953, "Morellonomicon": 0.3646944713870029, "Randuin's Omen": 0.00048496605237633366, "Rylai's Crystal Scepter": 0.08341416100872939}}, "totalDamageDealt": {"win": {"mains": 80.18851786725685, "avg": 72.22287954257219}, "lose": {"mains": 70.63815834252061, "avg": 61.74765437991883}}, "totalDamageToChampions": {"win": {"mains": 12.79107898348319, "avg": 11.957079798272526}, "lose": {"mains": 10.927609524716344, "avg": 9.953931641289824}}, "totalTimeCrowdControlDealt": {"win": {"mains": 0.2625966193645645, "avg": 0.2557721999064668}, "lose": {"mains": 0.2614391151083329, "avg": 0.24390435324164295}}, "gamesRecorded": {"mains": 150, "avg": 2062}, "KDA": {"win": {"mains": 5.979077053214984, "avg": 5.298659117830981}, "lose": {"mains": 2.004771242866481, "avg": 1.6125544337537818}}, "gamesWon": {"mains": 87, "avg": 970}}