{"unusedItems": {"mains": ["3003", "3800", "3004", "3065", "3040", "3068", "3290", "3512", "3025", "3100", "3022", "3124", "3091", "3050", "3085", "3083", "3742", "3932", "3078", "3146", "3115", "3504", "3110", "3143", "3026"], "avg": ["3290", "3124", "3050", "3742", "3932", "3115"]}, "itemUsage": {"mains": {"Athene's Unholy Grail": 0.002824858757062147, "Zhonya's Hourglass": 0.903954802259887, "Void Staff": 0.14689265536723164, "Rabadon's Deathcap": 0.2796610169491525, "Luden's Echo": 0.06779661016949153, "Enchantment: Magus": 0.7090395480225988, "Locket of the Iron Solari": 0.002824858757062147, "Liandry's Torment": 0.096045197740113, "Abyssal Scepter": 0.14124293785310735, "Rylai's Crystal Scepter": 0.062146892655367235}, "avg": {"Zhonya's Hourglass": 0.8209982788296041, "Void Staff": 0.17147160068846815, "Rabadon's Deathcap": 0.29475043029259895, "Luden's Echo": 0.08369191049913942, "Enchantment: Magus": 0.6224182444061962, "Ardent Censer": 0.0002151462994836489, "Liandry's Torment": 0.14242685025817556, "Wit's End": 0.0002151462994836489, "Abyssal Scepter": 0.125, "Rylai's Crystal Scepter": 0.10499139414802065}}, "totalDamageDealt": {"win": {"mains": 67.9509122683797, "avg": 63.98836493428482}, "lose": {"mains": 60.93667471336394, "avg": 52.94794662078571}}, "totalDamageToChampions": {"win": {"mains": 8.956316721185042, "avg": 9.100863982498904}, "lose": {"mains": 8.453192907994188, "avg": 8.01019400802342}}, "totalTimeCrowdControlDealt": {"win": {"mains": 0.20691247162850937, "avg": 0.2153537967125428}, "lose": {"mains": 0.18734257718502625, "avg": 0.20070041936173275}}, "gamesRecorded": {"mains": 354, "avg": 4648}, "KDA": {"win": {"mains": 7.199232024232025, "avg": 5.535105463794626}, "lose": {"mains": 1.62855364332637, "avg": 1.561400113427913}}, "gamesWon": {"mains": 222, "avg": 2443}}