{"unusedItems": {"mains": ["3004", "3068", "3290", "3025", "3100", "3022", "3124", "3091", "3742", "3932", "3078", "3726", "3146"], "avg": ["3004", "3290", "3124", "3091", "3742", "3932", "3726"]}, "itemUsage": {"mains": {"Zhonya's Hourglass": 0.6291585127201565, "Void Staff": 0.05968688845401174, "Rabadon's Deathcap": 0.13111545988258316, "Rod of Ages": 0.07142857142857142, "Luden's Echo": 0.10567514677103718, "Enchantment: Magus": 0.0009784735812133072, "Morellonomicon": 0.13209393346379647, "Locket of the Iron Solari": 0.07142857142857142, "Abyssal Scepter": 0.08317025440313111, "Nashor's Tooth": 0.0009784735812133072}, "avg": {"Zhonya's Hourglass": 0.679712568355403, "Void Staff": 0.06919148551543364, "Rabadon's Deathcap": 0.15754508067067383, "Rod of Ages": 0.07583495277263072, "Luden's Echo": 0.08866995073891626, "Morellonomicon": 0.15695756315813258, "Frozen Mallet": 4.5193654810864554e-05, "Abyssal Scepter": 0.07095403805305735, "Runaan's Hurricane (Ranged Only)": 0.00018077461924345822, "Rylai's Crystal Scepter": 0.0819812898269083}}, "totalDamageDealt": {"win": {"mains": 30.224820269549667, "avg": 28.786511988464415}, "lose": {"mains": 25.345147424372673, "avg": 24.74668871746213}}, "totalDamageToChampions": {"win": {"mains": 7.888753343953567, "avg": 7.7338128179203345}, "lose": {"mains": 6.540277564441833, "avg": 6.559171768146926}}, "totalTimeCrowdControlDealt": {"win": {"mains": 0.09253186116644814, "avg": 0.10150487675944048}, "lose": {"mains": 0.08589715930347581, "avg": 0.09593318483866542}}, "gamesRecorded": {"mains": 1022, "avg": 22127}, "KDA": {"win": {"mains": 7.773270024072591, "avg": 6.552724792623032}, "lose": {"mains": 2.186535649564934, "avg": 1.8351830090007217}}, "gamesWon": {"mains": 623, "avg": 11082}}