{"unusedItems": {"mains": ["3800", "3004", "3060", "3065", "3068", "3290", "3027", "3512", "3025", "3022", "3124", "3091", "3050", "3085", "3083", "3190", "3742", "3932", "3075", "3078", "3726", "3146", "3115", "3504", "3708", "3110", "3143"], "avg": ["3800", "3004", "3068", "3290", "3022", "3091", "3050", "3085", "3083", "3190", "3742", "3932", "3726", "3504", "3143"]}, "itemUsage": {"mains": {"Mejai's Soulstealer": 0.0231023102310231, "Zhonya's Hourglass": 0.32673267326732675, "Void Staff": 0.4389438943894389, "Rabadon's Deathcap": 0.5973597359735974, "Lich Bane": 0.039603960396039604, "Luden's Echo": 0.7227722772277227, "Will of the Ancients": 0.0033003300330033004, "Morellonomicon": 0.38943894389438943, "Athene's Unholy Grail": 0.5610561056105611, "Abyssal Scepter": 0.0033003300330033004}, "avg": {"Athene's Unholy Grail": 0.5416451112260735, "Zhonya's Hourglass": 0.3246249353336782, "Void Staff": 0.28375581996896015, "Rabadon's Deathcap": 0.5178479048111744, "Lich Bane": 0.1024314536989136, "Luden's Echo": 0.6505431971029488, "Enchantment: Magus": 0.0002586652871184687, "Morellonomicon": 0.3093636833936886, "Frozen Heart": 0.0002586652871184687, "Seraph's Embrace": 0.028970512157268494}}, "totalDamageDealt": {"win": {"mains": 97.20864792618804, "avg": 83.7296271948589}, "lose": {"mains": 85.45104895625674, "avg": 72.49513574136407}}, "totalDamageToChampions": {"win": {"mains": 15.658341557652975, "avg": 14.133128851482963}, "lose": {"mains": 13.155553453469299, "avg": 12.047099495958228}}, "totalTimeCrowdControlDealt": {"win": {"mains": 0.22977150826169782, "avg": 0.22186172007166716}, "lose": {"mains": 0.21426602371239617, "avg": 0.21853676201226183}}, "gamesRecorded": {"mains": 303, "avg": 3866}, "KDA": {"win": {"mains": 8.822966765636922, "avg": 6.506162693893474}, "lose": {"mains": 2.247258842348128, "avg": 1.9196688303906047}}, "gamesWon": {"mains": 191, "avg": 1910}}