{"unusedItems": {"mains": ["3800", "3004", "3060", "3102", "3290", "3512", "3025", "3100", "3022", "3124", "3091", "3050", "3085", "3083", "3190", "3742", "3932", "3075", "3078", "3726", "3146", "3115", "3504", "3708", "3143", "3026"], "avg": ["3004", "3290", "3512", "3025", "3022", "3124", "3091", "3085", "3190", "3742", "3932", "3078", "3726", "3504"]}, "itemUsage": {"mains": {"Athene's Unholy Grail": 0.011494252873563218, "Zhonya's Hourglass": 0.5977011494252874, "Void Staff": 0.26436781609195403, "Rabadon's Deathcap": 0.47126436781609193, "Rod of Ages": 0.5632183908045977, "Luden's Echo": 0.06896551724137931, "Archangel's Staff": 0.05747126436781609, "Rylai's Crystal Scepter": 0.42528735632183906, "Seraph's Embrace": 0.5747126436781609, "Sunfire Cape": 0.011494252873563218}, "avg": {"Seraph's Embrace": 0.5156626506024097, "Zhonya's Hourglass": 0.4907630522088353, "Void Staff": 0.22088353413654618, "Rabadon's Deathcap": 0.4682730923694779, "Rod of Ages": 0.6441767068273092, "Luden's Echo": 0.0963855421686747, "Hextech Gunblade": 0.0008032128514056225, "Lich Bane": 0.0008032128514056225, "Abyssal Scepter": 0.08755020080321285, "Rylai's Crystal Scepter": 0.22409638554216868}}, "totalDamageDealt": {"win": {"mains": 86.11905350302716, "avg": 76.33379991078208}, "lose": {"mains": 72.92372434312549, "avg": 67.87426346594701}}, "totalDamageToChampions": {"win": {"mains": 15.846219859807483, "avg": 14.992162187006643}, "lose": {"mains": 13.06683939910115, "avg": 13.621220713334376}}, "totalTimeCrowdControlDealt": {"win": {"mains": 0.29094523446417103, "avg": 0.1902098435522667}, "lose": {"mains": 0.23111094056654172, "avg": 0.17999904419288607}}, "gamesRecorded": {"mains": 87, "avg": 1245}, "KDA": {"win": {"mains": 6.32773508898509, "avg": 5.072147661338352}, "lose": {"mains": 1.698743951521729, "avg": 1.6704637176418946}}, "gamesWon": {"mains": 60, "avg": 620}}