{"unusedItems": {"mains": ["3003", "3800", "3004", "3040", "3290", "3512", "3022", "3124", "3091", "3085", "3083", "3190", "3742", "3932", "3078", "3504"], "avg": ["3004", "3290", "3512", "3022", "3085", "3742", "3932"]}, "itemUsage": {"mains": {"Enchantment: Runeglaive": 0.32459016393442625, "Zeke's Harbinger": 0.001639344262295082, "Zhonya's Hourglass": 0.6836065573770492, "Void Staff": 0.16229508196721312, "Rabadon's Deathcap": 0.5016393442622951, "Lich Bane": 0.23278688524590163, "Luden's Echo": 0.3524590163934426, "Randuin's Omen": 0.001639344262295082, "Abyssal Scepter": 0.43934426229508194, "Nashor's Tooth": 0.14590163934426228}, "avg": {"Enchantment: Runeglaive": 0.2566203743638403, "Zhonya's Hourglass": 0.5646510825498146, "Void Staff": 0.15405848356767016, "Rabadon's Deathcap": 0.4441473302855171, "Lich Bane": 0.3277840075907875, "Luden's Echo": 0.30621927024928836, "Ardent Censer": 8.625894936599672e-05, "Abyssal Scepter": 0.3188130768567239, "Nashor's Tooth": 0.23712585180712498, "Warmog's Armor": 0.00017251789873199344}}, "totalDamageDealt": {"win": {"mains": 89.63694957459394, "avg": 80.70498807777552}, "lose": {"mains": 76.42423368357214, "avg": 65.32561839811332}}, "totalDamageToChampions": {"win": {"mains": 12.707952638058885, "avg": 12.004906789738714}, "lose": {"mains": 10.463042357204579, "avg": 9.760034492174261}}, "totalTimeCrowdControlDealt": {"win": {"mains": 0.12445523299168794, "avg": 0.13705952596729518}, "lose": {"mains": 0.12873850252898383, "avg": 0.1332486717567953}}, "gamesRecorded": {"mains": 610, "avg": 11593}, "KDA": {"win": {"mains": 5.756173176522013, "avg": 5.499196634855747}, "lose": {"mains": 1.825717274167551, "avg": 1.611358182063878}}, "gamesWon": {"mains": 387, "avg": 6060}}