{"unusedItems": {"mains": ["3800", "3004", "3060", "3290", "3512", "3022", "3124", "3091", "3050", "3085", "3742", "3932", "3115", "3504"], "avg": ["3290", "3742", "3932"]}, "itemUsage": {"mains": {"Zhonya's Hourglass": 0.2530329289428076, "Void Staff": 0.2755632582322357, "Rabadon's Deathcap": 0.38648180242634317, "Rod of Ages": 0.30849220103986136, "Morellonomicon": 0.22010398613518198, "Luden's Echo": 0.4610051993067591, "Enchantment: Magus": 0.5649913344887348, "Hextech Gunblade": 0.0017331022530329288, "Locket of the Iron Solari": 0.0017331022530329288, "Seraph's Embrace": 0.12824956672443674}, "avg": {"Zhonya's Hourglass": 0.22726333195535345, "Void Staff": 0.20545680033071517, "Rabadon's Deathcap": 0.36058288548987183, "Rod of Ages": 0.15812319140140554, "Luden's Echo": 0.48139727159983464, "Enchantment: Magus": 0.3481810665564283, "Morellonomicon": 0.2927862753203803, "Zeke's Herald": 0.00010334849111202976, "Lich Bane": 0.19222819346837536, "Wit's End": 0.00010334849111202976}}, "totalDamageDealt": {"win": {"mains": 86.07680587466787, "avg": 69.68573694443832}, "lose": {"mains": 69.98174781967542, "avg": 52.884001727681095}}, "totalDamageToChampions": {"win": {"mains": 12.196196109899844, "avg": 11.593324776005446}, "lose": {"mains": 9.598914201136974, "avg": 8.694596630814729}}, "totalTimeCrowdControlDealt": {"win": {"mains": 0.17739098869065015, "avg": 0.11849651723233913}, "lose": {"mains": 0.1291610686298067, "avg": 0.09042460130443752}}, "gamesRecorded": {"mains": 577, "avg": 9676}, "KDA": {"win": {"mains": 6.957868791396491, "avg": 5.671251908078417}, "lose": {"mains": 2.0480995283974166, "avg": 1.5919132732562165}}, "gamesWon": {"mains": 343, "avg": 4557}}