{"unusedItems": {"mains": ["3003", "3800", "3004", "3060", "3065", "3040", "3290", "3165", "3027", "3512", "3025", "3100", "3022", "3124", "3091", "3085", "3083", "3190", "3742", "3932", "3152", "3075", "3078", "3726", "3174", "3115", "3504", "3708", "3110"], "avg": ["3003", "3800", "3060", "3040", "3290", "3512", "3025", "3091", "3085", "3742", "3932", "3726", "3174", "3115"]}, "itemUsage": {"mains": {"Mejai's Soulstealer": 0.06645569620253164, "Zhonya's Hourglass": 0.6329113924050633, "Void Staff": 0.2721518987341772, "Rabadon's Deathcap": 0.43670886075949367, "Luden's Echo": 0.7563291139240507, "Liandry's Torment": 0.12025316455696203, "Abyssal Scepter": 0.2689873417721519, "Zeke's Harbinger": 0.0031645569620253164, "Rylai's Crystal Scepter": 0.1360759493670886, "Sunfire Cape": 0.0031645569620253164}, "avg": {"Zhonya's Hourglass": 0.6407620614035088, "Void Staff": 0.19709429824561403, "Rabadon's Deathcap": 0.4595668859649123, "Luden's Echo": 0.8029057017543859, "Hextech Gunblade": 0.04893092105263158, "Frozen Heart": 0.00013706140350877192, "Locket of the Iron Solari": 0.00013706140350877192, "Liandry's Torment": 0.10786732456140351, "Abyssal Scepter": 0.21792763157894737, "Rylai's Crystal Scepter": 0.11883223684210527}}, "totalDamageDealt": {"win": {"mains": 67.0935780177394, "avg": 63.87153984558885}, "lose": {"mains": 56.803906088764975, "avg": 52.19719860100399}}, "totalDamageToChampions": {"win": {"mains": 12.769786900638225, "avg": 12.811032265140318}, "lose": {"mains": 10.005456277010724, "avg": 9.546599080242567}}, "totalTimeCrowdControlDealt": {"win": {"mains": 0.04541678550932519, "avg": 0.05209999817509514}, "lose": {"mains": 0.03384181511280505, "avg": 0.06007145542474486}}, "gamesRecorded": {"mains": 316, "avg": 7296}, "KDA": {"win": {"mains": 6.270745776214529, "avg": 5.104149620813093}, "lose": {"mains": 1.9895768710522037, "avg": 1.6073246289374117}}, "gamesWon": {"mains": 192, "avg": 3599}}