{"unusedItems": {"mains": ["3004", "3001", "3065", "3041", "3068", "3290", "3512", "3025", "3100", "3022", "3124", "3091", "3050", "3085", "3083", "3190", "3742", "3932", "3152", "3075", "3078", "3726", "3146", "3115", "3504", "3708", "3110", "3143", "3026"], "avg": ["3004", "3065", "3068", "3290", "3022", "3124", "3091", "3085", "3742", "3932", "3078", "3726", "3146", "3115", "3708"]}, "itemUsage": {"mains": {"Athene's Unholy Grail": 0.2653061224489796, "Zhonya's Hourglass": 0.25170068027210885, "Void Staff": 0.17006802721088435, "Rabadon's Deathcap": 0.2925170068027211, "Luden's Echo": 0.41496598639455784, "Morellonomicon": 0.42857142857142855, "Archangel's Staff": 0.006802721088435374, "Liandry's Torment": 0.43537414965986393, "Rylai's Crystal Scepter": 0.10884353741496598, "Banner of Command": 0.006802721088435374}, "avg": {"Athene's Unholy Grail": 0.302759424795958, "Zhonya's Hourglass": 0.2483482316362223, "Void Staff": 0.15818111154294598, "Rabadon's Deathcap": 0.33812670034978626, "Iceborn Gauntlet": 0.000388651379712398, "Luden's Echo": 0.43917605907500973, "Morellonomicon": 0.39720171006607075, "Ardent Censer": 0.000388651379712398, "Liandry's Torment": 0.24174115818111155, "Rylai's Crystal Scepter": 0.1336960746210649}}, "totalDamageDealt": {"win": {"mains": 55.176545874986026, "avg": 56.870863899778286}, "lose": {"mains": 62.52344305220729, "avg": 50.93086806276028}}, "totalDamageToChampions": {"win": {"mains": 13.121056966670798, "avg": 12.724257096966365}, "lose": {"mains": 13.38150466812272, "avg": 10.931159903477578}}, "totalTimeCrowdControlDealt": {"win": {"mains": 0.15432512232530263, "avg": 0.1737985960363652}, "lose": {"mains": 0.1731664498558586, "avg": 0.17395198264631986}}, "gamesRecorded": {"mains": 147, "avg": 2573}, "KDA": {"win": {"mains": 6.774339038994211, "avg": 6.046110754562768}, "lose": {"mains": 2.3145983183483176, "avg": 1.8847934071703811}}, "gamesWon": {"mains": 87, "avg": 1334}}