{"unusedItems": {"mains": ["3003", "3004", "3040", "3290", "3165", "3027", "3512", "3091", "3050", "3085", "3742", "3932", "3726", "3174", "3115", "3504"], "avg": ["3290", "3050", "3742", "3932", "3504"]}, "itemUsage": {"mains": {"Thornmail": 0.07051282051282051, "Lich Bane": 0.0641025641025641, "Iceborn Gauntlet": 0.2948717948717949, "Enchantment: Magus": 0.2264957264957265, "Will of the Ancients": 0.002136752136752137, "Trinity Force": 0.1794871794871795, "Randuin's Omen": 0.4230769230769231, "Frozen Heart": 0.11538461538461539, "Banshee's Veil": 0.2777777777777778, "Banner of Command": 0.002136752136752137}, "avg": {"Randuin's Omen": 0.40844550986538813, "Hextech Gunblade": 0.08224230130923843, "Iceborn Gauntlet": 0.28452885856536975, "Enchantment: Magus": 0.18624377650746818, "Trinity Force": 0.1727825926608888, "Manamune": 0.00018439977872026554, "Frozen Heart": 0.07412871104554675, "Banshee's Veil": 0.20339295592845288, "Thornmail": 0.06251152498617002, "Runaan's Hurricane (Ranged Only)": 0.00018439977872026554}}, "totalDamageDealt": {"win": {"mains": 74.49958499355158, "avg": 70.95307910078358}, "lose": {"mains": 60.045678759483856, "avg": 55.86649973461934}}, "totalDamageToChampions": {"win": {"mains": 9.897002946551915, "avg": 9.341488442455814}, "lose": {"mains": 8.967936141355668, "avg": 7.867811889855831}}, "totalTimeCrowdControlDealt": {"win": {"mains": 0.32760387896840704, "avg": 0.3170709868009665}, "lose": {"mains": 0.2729407615100928, "avg": 0.2692348802605094}}, "gamesRecorded": {"mains": 468, "avg": 5423}, "KDA": {"win": {"mains": 8.109798784548786, "avg": 6.764086977197461}, "lose": {"mains": 2.2063005199165913, "avg": 1.9128835855232844}}, "gamesWon": {"mains": 300, "avg": 2799}}