{"unusedItems": {"mains": ["3004", "3060", "3065", "3068", "3290", "3512", "3025", "3100", "3022", "3124", "3091", "3085", "3083", "3742", "3932", "3152", "3075", "3078", "3726", "3146", "3115", "3504", "3708", "3143"], "avg": ["3004", "3290", "3124", "3091", "3085", "3742", "3932", "3078", "3726", "3115", "3504"]}, "itemUsage": {"mains": {"Athene's Unholy Grail": 0.2625, "Zhonya's Hourglass": 0.4, "Void Staff": 0.4125, "Rabadon's Deathcap": 0.65, "Rylai's Crystal Scepter": 0.0625, "Luden's Echo": 0.2875, "Morellonomicon": 0.3, "Seraph's Embrace": 0.2125, "Zeke's Harbinger": 0.0125, "Abyssal Scepter": 0.0125}, "avg": {"Athene's Unholy Grail": 0.13500482160077146, "Frozen Mallet": 0.0003214400514304082, "Void Staff": 0.28736740597878496, "Rabadon's Deathcap": 0.6692381870781099, "Morellonomicon": 0.34490517518482805, "Luden's Echo": 0.2542590806814529, "Hextech Gunblade": 0.0003214400514304082, "Archangel's Staff": 0.07200257152041144, "Seraph's Embrace": 0.2536162005785921, "Zhonya's Hourglass": 0.4024429443908711}}, "totalDamageDealt": {"win": {"mains": 78.74242835937437, "avg": 71.25814487534943}, "lose": {"mains": 60.63407742858282, "avg": 57.84544812917805}}, "totalDamageToChampions": {"win": {"mains": 11.419427143017739, "avg": 11.41147242285924}, "lose": {"mains": 8.57391368727341, "avg": 9.159713210598461}}, "totalTimeCrowdControlDealt": {"win": {"mains": 0.0645064665300832, "avg": 0.06968166929639626}, "lose": {"mains": 0.04641387501655862, "avg": 0.06695938634770529}}, "gamesRecorded": {"mains": 80, "avg": 3111}, "KDA": {"win": {"mains": 7.165476190476189, "avg": 5.813797166140859}, "lose": {"mains": 1.6475581085581084, "avg": 1.7312692153740146}}, "gamesWon": {"mains": 55, "avg": 1492}}