{"unusedItems": {"mains": ["3003", "3800", "3004", "3060", "3065", "3040", "3068", "3290", "3512", "3025", "3100", "3022", "3124", "3091", "3085", "3083", "3190", "3742", "3932", "3152", "3075", "3078", "3726", "3146", "3115", "3504", "3708", "3143"], "avg": ["3004", "3060", "3290", "3022", "3124", "3091", "3085", "3742", "3932", "3726", "3146", "3115", "3504"]}, "itemUsage": {"mains": {"Zhonya's Hourglass": 0.7514450867052023, "Void Staff": 0.2138728323699422, "Rabadon's Deathcap": 0.37572254335260113, "Rod of Ages": 0.44508670520231214, "Luden's Echo": 0.15028901734104047, "Morellonomicon": 0.4797687861271676, "Liandry's Torment": 0.16184971098265896, "Abyssal Scepter": 0.2023121387283237, "Zeke's Harbinger": 0.005780346820809248, "Guardian Angel": 0.005780346820809248}, "avg": {"Zhonya's Hourglass": 0.7116883116883117, "Void Staff": 0.14730983302411874, "Rabadon's Deathcap": 0.32987012987012987, "Rod of Ages": 0.5695732838589982, "Luden's Echo": 0.137291280148423, "Trinity Force": 0.00037105751391465676, "Morellonomicon": 0.35955473098330243, "Locket of the Iron Solari": 0.00037105751391465676, "Liandry's Torment": 0.14359925788497216, "Abyssal Scepter": 0.14730983302411874}}, "totalDamageDealt": {"win": {"mains": 80.57904910205617, "avg": 73.66972021776597}, "lose": {"mains": 69.96860103843177, "avg": 62.26349646763313}}, "totalDamageToChampions": {"win": {"mains": 11.557296034969044, "avg": 10.921373861487075}, "lose": {"mains": 9.981186745880434, "avg": 9.01443997343121}}, "totalTimeCrowdControlDealt": {"win": {"mains": 0.262301001348588, "avg": 0.21788698697020206}, "lose": {"mains": 0.1927507604634158, "avg": 0.20135219240197585}}, "gamesRecorded": {"mains": 173, "avg": 2695}, "KDA": {"win": {"mains": 5.45337858063922, "avg": 5.2480081880251035}, "lose": {"mains": 1.8777691015032787, "avg": 1.575768633848951}}, "gamesWon": {"mains": 94, "avg": 1268}}