{"unusedItems": {"mains": ["3800", "3004", "3060", "3102", "3068", "3290", "3512", "3025", "3100", "3022", "3124", "3091", "3050", "3085", "3083", "3190", "3742", "3932", "3078", "3726", "3146", "3115", "3504", "3708", "3143", "3026"], "avg": ["3290", "3022", "3124", "3091", "3050", "3085", "3190", "3742", "3932", "3078", "3726", "3115", "3504"]}, "itemUsage": {"mains": {"Mejai's Soulstealer": 0.004761904761904762, "Zhonya's Hourglass": 0.6904761904761905, "Void Staff": 0.08095238095238096, "Rabadon's Deathcap": 0.16666666666666666, "Rod of Ages": 0.9952380952380953, "Spirit Visage": 0.1380952380952381, "Liandry's Torment": 0.11428571428571428, "Rylai's Crystal Scepter": 0.07142857142857142, "Thornmail": 0.004761904761904762, "Abyssal Scepter": 0.11904761904761904}, "avg": {"Zhonya's Hourglass": 0.6373597704148187, "Void Staff": 0.08896425776154449, "Rabadon's Deathcap": 0.19488651187059744, "Rod of Ages": 0.930080876597965, "Spirit Visage": 0.13957735455256978, "Hextech Gunblade": 0.00026089225150013044, "Liandry's Torment": 0.15496999739107747, "Abyssal Scepter": 0.0967910253065484, "Banner of Command": 0.00026089225150013044, "Rylai's Crystal Scepter": 0.08426819723454214}}, "totalDamageDealt": {"win": {"mains": 59.27267593415671, "avg": 55.54918735434984}, "lose": {"mains": 49.0024859570284, "avg": 44.07385446470215}}, "totalDamageToChampions": {"win": {"mains": 13.377661842072838, "avg": 13.422979163741704}, "lose": {"mains": 12.008093965587376, "avg": 10.60080159455713}}, "totalTimeCrowdControlDealt": {"win": {"mains": 0.18305121671295624, "avg": 0.20725205857771187}, "lose": {"mains": 0.2520965656916147, "avg": 0.19798617087150902}}, "gamesRecorded": {"mains": 210, "avg": 3833}, "KDA": {"win": {"mains": 7.1455273996318756, "avg": 6.439023510929355}, "lose": {"mains": 1.8564685862383232, "avg": 1.6979734254089487}}, "gamesWon": {"mains": 134, "avg": 2014}}