{"unusedItems": {"mains": ["3003", "3800", "3004", "3060", "3065", "3068", "3290", "3512", "3025", "3022", "3124", "3091", "3050", "3085", "3083", "3190", "3742", "3932", "3152", "3075", "3078", "3726", "3146", "3115", "3504", "3708", "3110"], "avg": ["3800", "3004", "3068", "3290", "3022", "3124", "3050", "3742", "3932", "3078"]}, "itemUsage": {"mains": {"Athene's Unholy Grail": 0.6602112676056338, "Zhonya's Hourglass": 0.4612676056338028, "Void Staff": 0.40669014084507044, "Rabadon's Deathcap": 0.6197183098591549, "Luden's Echo": 0.3873239436619718, "Morellonomicon": 0.22711267605633803, "Randuin's Omen": 0.0017605633802816902, "Rylai's Crystal Scepter": 0.03345070422535211, "Guardian Angel": 0.0017605633802816902, "Seraph's Embrace": 0.13556338028169015}, "avg": {"Athene's Unholy Grail": 0.5838383838383838, "Zhonya's Hourglass": 0.40824915824915825, "Void Staff": 0.2845117845117845, "Rabadon's Deathcap": 0.5075757575757576, "Morellonomicon": 0.15673400673400673, "Luden's Echo": 0.35269360269360267, "Enchantment: Magus": 0.00016835016835016836, "Hextech Gunblade": 0.00016835016835016836, "Rylai's Crystal Scepter": 0.049663299663299666, "Seraph's Embrace": 0.2144781144781145}}, "totalDamageDealt": {"win": {"mains": 81.64219259945139, "avg": 72.78324198315488}, "lose": {"mains": 69.93060939206691, "avg": 59.21389485570725}}, "totalDamageToChampions": {"win": {"mains": 12.370501851737883, "avg": 11.426679887560606}, "lose": {"mains": 10.123957051946569, "avg": 8.904583820892176}}, "totalTimeCrowdControlDealt": {"win": {"mains": 0.6074136736470798, "avg": 0.6475062573799306}, "lose": {"mains": 0.6419322066237626, "avg": 0.6729506041232621}}, "gamesRecorded": {"mains": 568, "avg": 5940}, "KDA": {"win": {"mains": 8.717400719524003, "avg": 7.45290299084308}, "lose": {"mains": 2.369606296823045, "avg": 1.8853646733275142}}, "gamesWon": {"mains": 365, "avg": 2882}}