{"unusedItems": {"mains": ["3003", "3004", "3060", "3068", "3290", "3512", "3022", "3124", "3091", "3050", "3085", "3083", "3190", "3742", "3932", "3075", "3504"], "avg": ["3290", "3050", "3085", "3742", "3932", "3504"]}, "itemUsage": {"mains": {"Mejai's Soulstealer": 0.001375515818431912, "Zhonya's Hourglass": 0.4154057771664374, "Void Staff": 0.14718019257221457, "Rabadon's Deathcap": 0.25997248968363135, "Rod of Ages": 0.07015130674002751, "Luden's Echo": 0.6327372764786795, "Morellonomicon": 0.22833562585969738, "Enchantment: Devourer": 0.001375515818431912, "Lich Bane": 0.6203576341127923, "Abyssal Scepter": 0.14167812929848694}, "avg": {"Zhonya's Hourglass": 0.33596932662353224, "Void Staff": 0.13795031552040898, "Rabadon's Deathcap": 0.3015416566818436, "Rod of Ages": 0.06534068216311208, "Luden's Echo": 0.7034906941448997, "Morellonomicon": 0.15184918923236682, "Lich Bane": 0.6454189631759725, "Manamune": 7.987858455148175e-05, "Abyssal Scepter": 0.09601405863088106, "Banner of Command": 0.0001597571691029635}}, "totalDamageDealt": {"win": {"mains": 74.22475411942627, "avg": 67.69630586965681}, "lose": {"mains": 64.44238993226774, "avg": 57.73738350997649}}, "totalDamageToChampions": {"win": {"mains": 11.55706985592014, "avg": 11.369419894662656}, "lose": {"mains": 10.057380067254744, "avg": 9.476827025381889}}, "totalTimeCrowdControlDealt": {"win": {"mains": 0.29478907999200393, "avg": 0.2807481088696764}, "lose": {"mains": 0.2709407046515696, "avg": 0.27260942135646393}}, "gamesRecorded": {"mains": 727, "avg": 12519}, "KDA": {"win": {"mains": 5.062653605136122, "avg": 4.6716409710624385}, "lose": {"mains": 1.8055269630575599, "avg": 1.5878342763002233}}, "gamesWon": {"mains": 429, "avg": 5932}}