{"unusedItems": {"mains": ["3003", "3004", "3290", "3512", "3124", "3085", "3742", "3932", "3726", "3504"], "avg": ["3004", "3290", "3742"]}, "itemUsage": {"mains": {"Zhonya's Hourglass": 0.3128964059196617, "Rabadon's Deathcap": 0.15644820295983086, "Lich Bane": 0.25158562367864695, "Luden's Echo": 0.2938689217758985, "Morellonomicon": 0.20718816067653276, "Frozen Heart": 0.20084566596194503, "Randuin's Omen": 0.13953488372093023, "Abyssal Scepter": 0.11839323467230443, "Zeke's Harbinger": 0.0021141649048625794, "Seraph's Embrace": 0.0021141649048625794}, "avg": {"Luden's Echo": 0.5003960918933192, "Zhonya's Hourglass": 0.3364140480591497, "Void Staff": 0.0830472669659361, "Rabadon's Deathcap": 0.23686295220491155, "Rod of Ages": 0.06179033535780301, "Enchantment: Sated Devourer": 0.0001320306311064167, "Morellonomicon": 0.26868233430155797, "Lich Bane": 0.42923158172696063, "Abyssal Scepter": 0.10839714813836811, "Runaan's Hurricane (Ranged Only)": 0.0001320306311064167}}, "totalDamageDealt": {"win": {"mains": 71.01166231716861, "avg": 66.25708802256159}, "lose": {"mains": 65.31068777875561, "avg": 55.41268099363209}}, "totalDamageToChampions": {"win": {"mains": 9.323846712072601, "avg": 9.717061967458951}, "lose": {"mains": 8.735666425558257, "avg": 8.246255241600997}}, "totalTimeCrowdControlDealt": {"win": {"mains": 0.4650137378804424, "avg": 0.36327824562258315}, "lose": {"mains": 0.42083578884116063, "avg": 0.3172408399489611}}, "gamesRecorded": {"mains": 473, "avg": 7574}, "KDA": {"win": {"mains": 6.9211126537172145, "avg": 4.996765402545093}, "lose": {"mains": 2.004482507843853, "avg": 1.5529846933786295}}, "gamesWon": {"mains": 263, "avg": 3566}}