{"unusedItems": {"mains": ["3003", "3004", "3060", "3041", "3040", "3290", "3165", "3100", "3022", "3124", "3091", "3050", "3085", "3742", "3932", "3152", "3078", "3285", "3174", "3146", "3115", "3504"], "avg": ["3003", "3004", "3290", "3085", "3742", "3932", "3078", "3504"]}, "itemUsage": {"mains": {"Rabadon's Deathcap": 0.0136986301369863, "Iceborn Gauntlet": 0.0136986301369863, "Enchantment: Magus": 0.3698630136986301, "Randuin's Omen": 0.1917808219178082, "Frozen Heart": 0.1917808219178082, "Locket of the Iron Solari": 0.1506849315068493, "Liandry's Torment": 0.2602739726027397, "Banshee's Veil": 0.1232876712328767, "Rylai's Crystal Scepter": 0.2054794520547945, "Abyssal Scepter": 0.1506849315068493}, "avg": {"Athene's Unholy Grail": 0.0011248593925759281, "Sunfire Cape": 0.14735658042744657, "Enchantment: Magus": 0.39032620922384703, "Frozen Heart": 0.21822272215973004, "Locket of the Iron Solari": 0.10348706411698538, "Zeke's Herald": 0.0011248593925759281, "Liandry's Torment": 0.3779527559055118, "Randuin's Omen": 0.15410573678290213, "Rylai's Crystal Scepter": 0.1856017997750281, "Abyssal Scepter": 0.1856017997750281}}, "totalDamageDealt": {"win": {"mains": 66.64083283836389, "avg": 65.52001226710792}, "lose": {"mains": 53.32163233376798, "avg": 51.07108497155362}}, "totalDamageToChampions": {"win": {"mains": 8.333033782254274, "avg": 8.257029768302726}, "lose": {"mains": 7.3132508765368245, "avg": 7.036107334362403}}, "totalTimeCrowdControlDealt": {"win": {"mains": 0.22363783384761524, "avg": 0.23191733716530188}, "lose": {"mains": 0.19779885780110718, "avg": 0.19558446828827825}}, "gamesRecorded": {"mains": 73, "avg": 889}, "KDA": {"win": {"mains": 8.3168152906525, "avg": 5.284069310894224}, "lose": {"mains": 1.9088443963443966, "avg": 1.4499084406912939}}, "gamesWon": {"mains": 43, "avg": 398}}