{"unusedItems": {"mains": ["3003", "3800", "3004", "3060", "3040", "3068", "3290", "3027", "3512", "3025", "3100", "3022", "3124", "3091", "3050", "3085", "3190", "3742", "3932", "3078", "3726", "3174", "3146", "3115", "3504"], "avg": ["3003", "3800", "3040", "3290", "3022", "3124", "3091", "3050", "3190", "3742", "3932", "3078", "3726"]}, "itemUsage": {"mains": {"Luden's Echo": 0.23047619047619047, "Zhonya's Hourglass": 0.6438095238095238, "Void Staff": 0.21523809523809523, "Rabadon's Deathcap": 0.29333333333333333, "Spirit Visage": 0.2180952380952381, "Will of the Ancients": 0.9219047619047619, "Morellonomicon": 0.0009523809523809524, "Frozen Heart": 0.0009523809523809524, "Rylai's Crystal Scepter": 0.20285714285714285, "Abyssal Scepter": 0.2276190476190476}, "avg": {"Luden's Echo": 0.16744323644700837, "Athene's Unholy Grail": 7.395902669920864e-05, "Zhonya's Hourglass": 0.5805044005620886, "Void Staff": 0.1515420457066785, "Rabadon's Deathcap": 0.2808963834035944, "Iceborn Gauntlet": 7.395902669920864e-05, "Spirit Visage": 0.23918349234524075, "Will of the Ancients": 0.9203461282449523, "Abyssal Scepter": 0.135418977886251, "Rylai's Crystal Scepter": 0.23348864728940166}}, "totalDamageDealt": {"win": {"mains": 95.8003147331181, "avg": 86.9602025788513}, "lose": {"mains": 79.02115284557478, "avg": 69.08872248323246}}, "totalDamageToChampions": {"win": {"mains": 14.706271309252053, "avg": 13.990904902236924}, "lose": {"mains": 11.861784293638243, "avg": 10.712008762497346}}, "totalTimeCrowdControlDealt": {"win": {"mains": 0.08080835226812454, "avg": 0.0953492716166971}, "lose": {"mains": 0.08788893754401807, "avg": 0.08452529516073429}}, "gamesRecorded": {"mains": 1050, "avg": 13521}, "KDA": {"win": {"mains": 5.208097594503122, "avg": 4.526156002685487}, "lose": {"mains": 1.5013421415677053, "avg": 1.3801981892066841}}, "gamesWon": {"mains": 651, "avg": 6884}}