{"unusedItems": {"mains": ["3003", "3800", "3004", "3040", "3068", "3290", "3027", "3512", "3025", "3124", "3050", "3190", "3742", "3932", "3152", "3726", "3146", "3504", "3708", "3110"], "avg": ["3290", "3742", "3932"]}, "itemUsage": {"mains": {"Nashor's Tooth": 0.37815126050420167, "Zhonya's Hourglass": 0.2184873949579832, "Void Staff": 0.2857142857142857, "Rabadon's Deathcap": 0.3445378151260504, "Luden's Echo": 0.2184873949579832, "Morellonomicon": 0.2184873949579832, "Liandry's Torment": 0.6554621848739496, "Rylai's Crystal Scepter": 0.12605042016806722, "Thornmail": 0.008403361344537815, "Warmog's Armor": 0.008403361344537815}, "avg": {"Zhonya's Hourglass": 0.17502541511352085, "Void Staff": 0.1367333107421213, "Rabadon's Deathcap": 0.35801423246357167, "Luden's Echo": 0.12572009488309047, "Morellonomicon": 0.219586580820061, "Righteous Glory": 0.00016943409013893597, "Liandry's Torment": 0.5694679769569637, "Manamune": 0.00016943409013893597, "Nashor's Tooth": 0.46119959335818367, "Runaan's Hurricane (Ranged Only)": 0.24534056252117925}}, "totalDamageDealt": {"win": {"mains": 71.80129255500852, "avg": 62.793484260271555}, "lose": {"mains": 65.07780245196155, "avg": 51.42984747858307}}, "totalDamageToChampions": {"win": {"mains": 15.03647001671618, "avg": 13.069065994917644}, "lose": {"mains": 15.146437896431777, "avg": 11.405206339990515}}, "totalTimeCrowdControlDealt": {"win": {"mains": 0.3076017071583137, "avg": 0.2537824702957921}, "lose": {"mains": 0.2905132310613239, "avg": 0.2523816866725051}}, "gamesRecorded": {"mains": 119, "avg": 5902}, "KDA": {"win": {"mains": 4.069462786535957, "avg": 4.016188283105669}, "lose": {"mains": 1.9306792306792306, "avg": 1.431659721026351}}, "gamesWon": {"mains": 82, "avg": 3000}}