{"unusedItems": {"mains": ["3800", "3004", "3065", "3068", "3290", "3512", "3025", "3100", "3022", "3091", "3050", "3085", "3083", "3190", "3742", "3932", "3075", "3078", "3726", "3146", "3116", "3115", "3504", "3708", "3143"], "avg": ["3068", "3290", "3512", "3091", "3050", "3085", "3190", "3742", "3932", "3726", "3146", "3504", "3708"]}, "itemUsage": {"mains": {"Guinsoo's Rageblade": 0.006802721088435374, "Athene's Unholy Grail": 0.19047619047619047, "Zhonya's Hourglass": 0.22448979591836735, "Void Staff": 0.2653061224489796, "Rabadon's Deathcap": 0.40816326530612246, "Rod of Ages": 0.9455782312925171, "Luden's Echo": 0.1292517006802721, "Liandry's Torment": 0.23129251700680273, "Seraph's Embrace": 0.3333333333333333, "Banner of Command": 0.006802721088435374}, "avg": {"Athene's Unholy Grail": 0.1447887323943662, "Zhonya's Hourglass": 0.23098591549295774, "Void Staff": 0.19380281690140846, "Rabadon's Deathcap": 0.39887323943661973, "Rod of Ages": 0.8230985915492958, "Trinity Force": 0.0005633802816901409, "Archangel's Staff": 0.10309859154929578, "Liandry's Torment": 0.17746478873239438, "Seraph's Embrace": 0.38253521126760565, "Nashor's Tooth": 0.0005633802816901409}}, "totalDamageDealt": {"win": {"mains": 79.27374231185406, "avg": 69.79687840042814}, "lose": {"mains": 68.08562382490445, "avg": 58.88141196212268}}, "totalDamageToChampions": {"win": {"mains": 13.556367921572283, "avg": 12.393693413790963}, "lose": {"mains": 10.80087160482685, "avg": 10.0553474973541}}, "totalTimeCrowdControlDealt": {"win": {"mains": 2.024288155687889, "avg": 1.806314137375427}, "lose": {"mains": 2.0840507138424837, "avg": 1.7185567205139878}}, "gamesRecorded": {"mains": 147, "avg": 1775}, "KDA": {"win": {"mains": 9.060297005400097, "avg": 9.03399394086825}, "lose": {"mains": 2.2692027417027414, "avg": 2.2083381057430764}}, "gamesWon": {"mains": 97, "avg": 911}}