{"unusedItems": {"mains": ["3003", "3004", "3102", "3068", "3290", "3512", "3022", "3124", "3091", "3050", "3085", "3083", "3742", "3932", "3152", "3075", "3078", "3726", "3146", "3115", "3708", "3143"], "avg": ["3004", "3290", "3022", "3124", "3091", "3085", "3742", "3932", "3078"]}, "itemUsage": {"mains": {"Athene's Unholy Grail": 0.17307692307692307, "Zhonya's Hourglass": 0.11538461538461539, "Void Staff": 0.12980769230769232, "Rabadon's Deathcap": 0.2692307692307692, "Lich Bane": 0.004807692307692308, "Luden's Echo": 0.35096153846153844, "Morellonomicon": 0.44711538461538464, "Locket of the Iron Solari": 0.10096153846153846, "Righteous Glory": 0.004807692307692308, "Liandry's Torment": 0.15384615384615385}, "avg": {"Athene's Unholy Grail": 0.11886384686631676, "Zhonya's Hourglass": 0.14912009879592467, "Void Staff": 0.06637851188638469, "Rabadon's Deathcap": 0.23247916023464033, "Luden's Echo": 0.2704538437789441, "Morellonomicon": 0.34825563445507873, "Locket of the Iron Solari": 0.07378820623649275, "Enchantment: Devourer": 0.0006174745291756715, "Liandry's Torment": 0.1926520531028095, "Nashor's Tooth": 0.00030873726458783575}}, "totalDamageDealt": {"win": {"mains": 39.45143657210833, "avg": 35.276685519957425}, "lose": {"mains": 41.326506496745516, "avg": 31.304322894931982}}, "totalDamageToChampions": {"win": {"mains": 9.035763887615603, "avg": 8.9186882064467}, "lose": {"mains": 9.205606401213517, "avg": 7.804727724663281}}, "totalTimeCrowdControlDealt": {"win": {"mains": 0.20645860033978414, "avg": 0.19621000116524046}, "lose": {"mains": 0.22532506397279373, "avg": 0.19594209517195138}}, "gamesRecorded": {"mains": 208, "avg": 3239}, "KDA": {"win": {"mains": 8.46939982943504, "avg": 6.764575616631309}, "lose": {"mains": 2.766562814290087, "avg": 1.8400354031721748}}, "gamesWon": {"mains": 142, "avg": 1612}}