{"unusedItems": {"mains": ["3003", "3004", "3060", "3065", "3041", "3068", "3290", "3512", "3025", "3100", "3022", "3124", "3091", "3050", "3085", "3083", "3742", "3932", "3152", "3075", "3078", "3726", "3146", "3115", "3504", "3708", "3143"], "avg": ["3290", "3050", "3083", "3742", "3932", "3504"]}, "itemUsage": {"mains": {"Zhonya's Hourglass": 0.296875, "Void Staff": 0.24609375, "Rabadon's Deathcap": 0.4453125, "Rod of Ages": 0.6875, "Luden's Echo": 0.41015625, "Morellonomicon": 0.2109375, "Frozen Heart": 0.00390625, "Righteous Glory": 0.00390625, "Liandry's Torment": 0.28125, "Rylai's Crystal Scepter": 0.1171875}, "avg": {"Zhonya's Hourglass": 0.2825308396339037, "Void Staff": 0.1959808993235177, "Rabadon's Deathcap": 0.4606048547552726, "Rod of Ages": 0.7260246717071229, "Luden's Echo": 0.3947473139673697, "Morellonomicon": 0.20234779148428172, "Locket of the Iron Solari": 0.00019896538002387584, "Liandry's Torment": 0.293274970155193, "Wit's End": 0.00019896538002387584, "Rylai's Crystal Scepter": 0.12733784321528055}}, "totalDamageDealt": {"win": {"mains": 78.19518633027621, "avg": 72.04431078457347}, "lose": {"mains": 67.7891043312215, "avg": 62.21766396251454}}, "totalDamageToChampions": {"win": {"mains": 13.117822871837634, "avg": 12.861351355935948}, "lose": {"mains": 11.952654958575787, "avg": 11.356245536219717}}, "totalTimeCrowdControlDealt": {"win": {"mains": 0.07458037187863935, "avg": 0.08328284560370643}, "lose": {"mains": 0.04359247570494609, "avg": 0.07904289520119845}}, "gamesRecorded": {"mains": 256, "avg": 5026}, "KDA": {"win": {"mains": 6.857700658879901, "avg": 6.0149438795641075}, "lose": {"mains": 1.8282641184703046, "avg": 1.755406975040302}}, "gamesWon": {"mains": 159, "avg": 2741}}