{"unusedItems": {"mains": ["3800", "3004", "3060", "3068", "3290", "3512", "3025", "3100", "3022", "3124", "3091", "3050", "3085", "3083", "3190", "3742", "3932", "3075", "3078", "3726", "3146", "3115", "3504", "3708"], "avg": ["3800", "3060", "3068", "3290", "3512", "3022", "3124", "3091", "3050", "3190", "3742", "3932", "3078", "3726", "3115", "3504"]}, "itemUsage": {"mains": {"Seraph's Embrace": 0.756544502617801, "Luden's Echo": 0.468586387434555, "Mejai's Soulstealer": 0.002617801047120419, "Zhonya's Hourglass": 0.27486910994764396, "Void Staff": 0.2356020942408377, "Rabadon's Deathcap": 0.3612565445026178, "Rod of Ages": 0.06282722513089005, "Spirit Visage": 0.002617801047120419, "Abyssal Scepter": 0.25654450261780104, "Rylai's Crystal Scepter": 0.34554973821989526}, "avg": {"Seraph's Embrace": 0.6726686884003032, "Zhonya's Hourglass": 0.28089461713419256, "Void Staff": 0.17077331311599697, "Rabadon's Deathcap": 0.3032600454890068, "Rod of Ages": 0.13570887035633056, "Luden's Echo": 0.5324109173616376, "Randuin's Omen": 0.00018953752843062926, "Abyssal Scepter": 0.13646702047005307, "Warmog's Armor": 0.00018953752843062926, "Rylai's Crystal Scepter": 0.20735405610310842}}, "totalDamageDealt": {"win": {"mains": 78.17797873567947, "avg": 68.576057259683}, "lose": {"mains": 64.78409142768821, "avg": 54.86315281136826}}, "totalDamageToChampions": {"win": {"mains": 13.571753540605616, "avg": 12.45723704069128}, "lose": {"mains": 11.118560414691034, "avg": 9.680846561132665}}, "totalTimeCrowdControlDealt": {"win": {"mains": 1.4989945994525558, "avg": 1.3951054773119427}, "lose": {"mains": 1.4641668479516416, "avg": 1.3850419343175677}}, "gamesRecorded": {"mains": 382, "avg": 5276}, "KDA": {"win": {"mains": 5.558457054309326, "avg": 4.786576426873383}, "lose": {"mains": 1.6450071780273305, "avg": 1.4308474786027159}}, "gamesWon": {"mains": 220, "avg": 2547}}