{"unusedItems": {"mains": ["3004", "3060", "3041", "3290", "3025", "3100", "3022", "3124", "3091", "3050", "3085", "3190", "3742", "3932", "3135", "3152", "3157", "3078", "3726", "3174", "3146", "3115", "3504", "3708"], "avg": ["3290", "3022", "3124", "3091", "3085", "3742", "3932", "3726", "3146", "3115", "3504"]}, "itemUsage": {"mains": {"Rabadon's Deathcap": 0.008849557522123894, "Rod of Ages": 0.3185840707964602, "Zz'Rot Portal": 0.11504424778761062, "Frozen Heart": 0.11504424778761062, "Archangel's Staff": 0.008849557522123894, "Liandry's Torment": 0.30973451327433627, "Randuin's Omen": 0.1504424778761062, "Rylai's Crystal Scepter": 0.8230088495575221, "Thornmail": 0.35398230088495575, "Seraph's Embrace": 0.20353982300884957}, "avg": {"Athene's Unholy Grail": 0.0006622516556291391, "Rod of Ages": 0.6311258278145695, "Trinity Force": 0.0006622516556291391, "Randuin's Omen": 0.08543046357615894, "Frozen Heart": 0.13311258278145696, "Liandry's Torment": 0.2423841059602649, "Banshee's Veil": 0.08741721854304636, "Rylai's Crystal Scepter": 0.5410596026490067, "Thornmail": 0.31125827814569534, "Seraph's Embrace": 0.3072847682119205}}, "totalDamageDealt": {"win": {"mains": 85.38869323856846, "avg": 78.35110820046204}, "lose": {"mains": 81.28515733112536, "avg": 67.22014451083203}}, "totalDamageToChampions": {"win": {"mains": 11.192860371463155, "avg": 11.711971618215781}, "lose": {"mains": 10.668997037061283, "avg": 10.4161016285375}}, "totalTimeCrowdControlDealt": {"win": {"mains": 0.649951648468558, "avg": 0.5337521638965835}, "lose": {"mains": 0.926658618953744, "avg": 0.48679886123609734}}, "gamesRecorded": {"mains": 113, "avg": 1510}, "KDA": {"win": {"mains": 6.14613145342312, "avg": 4.512526058491021}, "lose": {"mains": 1.907166613873931, "avg": 1.485734283906737}}, "gamesWon": {"mains": 72, "avg": 813}}