{"unusedItems": {"mains": ["3800", "3004", "3060", "3065", "3290", "3512", "3025", "3022", "3124", "3091", "3050", "3085", "3083", "3190", "3742", "3932", "3152", "3075", "3078", "3726", "3146", "3115", "3708", "3143"], "avg": ["3290", "3022", "3091", "3742", "3932", "3726"]}, "itemUsage": {"mains": {"Luden's Echo": 0.5021008403361344, "Mejai's Soulstealer": 0.24579831932773108, "Zhonya's Hourglass": 0.2920168067226891, "Void Staff": 0.3319327731092437, "Sunfire Cape": 0.0021008403361344537, "Rabadon's Deathcap": 0.5, "Morellonomicon": 0.39285714285714285, "Archangel's Staff": 0.0021008403361344537, "Athene's Unholy Grail": 0.4810924369747899, "Seraph's Embrace": 0.01050420168067227}, "avg": {"Guinsoo's Rageblade": 8.847991505928154e-05, "Mejai's Soulstealer": 0.20589276234294815, "Zhonya's Hourglass": 0.24526632454432845, "Void Staff": 0.21730667138559548, "Rabadon's Deathcap": 0.4563794018757742, "Lich Bane": 0.022385418509998232, "Luden's Echo": 0.5114139090426473, "Enchantment: Magus": 8.847991505928154e-05, "Morellonomicon": 0.3562201380286675, "Athene's Unholy Grail": 0.39320474252344717}}, "totalDamageDealt": {"win": {"mains": 67.05556418197709, "avg": 54.76994755844679}, "lose": {"mains": 58.341815486813424, "avg": 46.905513920156885}}, "totalDamageToChampions": {"win": {"mains": 12.115670852870023, "avg": 11.475285435083233}, "lose": {"mains": 10.293826107464092, "avg": 9.413082725571835}}, "totalTimeCrowdControlDealt": {"win": {"mains": 0.18939837847001223, "avg": 0.1550291993989747}, "lose": {"mains": 0.16404698716853602, "avg": 0.15056418846584196}}, "gamesRecorded": {"mains": 476, "avg": 11302}, "KDA": {"win": {"mains": 10.753441381850472, "avg": 8.224895029824427}, "lose": {"mains": 2.638074264916372, "avg": 2.167072784089598}}, "gamesWon": {"mains": 286, "avg": 5687}}