{"unusedItems": {"mains": ["3003", "3800", "3004", "3060", "3040", "3290", "3027", "3085", "3742", "3932", "3152", "3504"], "avg": ["3290", "3085", "3742", "3932"]}, "itemUsage": {"mains": {"Guinsoo's Rageblade": 0.0012004801920768306, "Zhonya's Hourglass": 0.43337334933973587, "Void Staff": 0.11764705882352941, "Rabadon's Deathcap": 0.1716686674669868, "Lich Bane": 0.3997599039615846, "Morellonomicon": 0.20768307322929172, "Luden's Echo": 0.09483793517406963, "Trinity Force": 0.32292917166866747, "Zz'Rot Portal": 0.0012004801920768306, "Frozen Heart": 0.18967587034813926}, "avg": {"Zhonya's Hourglass": 0.4606950913651021, "Void Staff": 0.11451092798280187, "Rabadon's Deathcap": 0.2550340379792189, "Lich Bane": 0.5368685059118595, "Luden's Echo": 0.11967036904335364, "Trinity Force": 0.22887853815836617, "Morellonomicon": 0.15406664278036547, "Frozen Heart": 0.10111071300609101, "Ardent Censer": 7.165890361877464e-05, "Manamune": 7.165890361877464e-05}}, "totalDamageDealt": {"win": {"mains": 68.08082846324028, "avg": 58.85548960972722}, "lose": {"mains": 53.335963009090854, "avg": 45.37309143841188}}, "totalDamageToChampions": {"win": {"mains": 11.219852329892257, "avg": 10.832215248621786}, "lose": {"mains": 9.058385162380159, "avg": 8.573510173517109}}, "totalTimeCrowdControlDealt": {"win": {"mains": 0.2554998145582329, "avg": 0.21312002955096992}, "lose": {"mains": 0.25314014554462266, "avg": 0.17931079318069115}}, "gamesRecorded": {"mains": 833, "avg": 13955}, "KDA": {"win": {"mains": 5.344852216614268, "avg": 5.0538336347696955}, "lose": {"mains": 1.8678810492989601, "avg": 1.6942545215367937}}, "gamesWon": {"mains": 498, "avg": 6977}}